id,name,geonamesId,place,stateId,stateName,stateIso,countryId,countryIso
Q5778,Aceh Barat,1215636,TOWN,Q1823,Aceh,ID-AC,Q252,ID
Q5775,Aceh Barat Daya,,TOWN,Q1823,Aceh,ID-AC,Q252,ID
Q5662,Aceh Besar,1215635,TOWN,Q1823,Aceh,ID-AC,Q252,ID
Q5667,Aceh Jaya,6705241,TOWN,Q1823,Aceh,ID-AC,Q252,ID
Q5759,Aceh Selatan,1215634,TOWN,Q1823,Aceh,ID-AC,Q252,ID
Q5672,Aceh Singkil,,TOWN,Q1823,Aceh,ID-AC,Q252,ID
Q5678,Aceh Tamiang,6701575,TOWN,Q1823,Aceh,ID-AC,Q252,ID
Q5675,Aceh Tengah,1215633,TOWN,Q1823,Aceh,ID-AC,Q252,ID
Q5763,Aceh Tenggara,,TOWN,Q1823,Aceh,ID-AC,Q252,ID
Q5674,Aceh Timur,1215631,TOWN,Q1823,Aceh,ID-AC,Q252,ID
Q5750,Aceh Utara,1215630,TOWN,Q1823,Aceh,ID-AC,Q252,ID
Q6019,Agam,1651856,TOWN,Q2772,Sumatera Barat,ID-SB,Q252,ID
Q14131,Alor,,TOWN,Q5061,Nusa Tenggara Timur,ID-NT,Q252,ID
Q18970,Ambon,1651531,CITY,Q5093,Maluku,ID-MA,Q252,ID
Q1795,Asahan,1215554,TOWN,Q2140,Sumatera Utara,ID-SU,Q252,ID
Q27228,Asmat,,TOWN,Q5095,Papua,ID-PA,Q252,ID
Q14170,Balangan,,TOWN,Q3906,Kalimantan Selatan,ID-KS,Q252,ID
Q14492,Balikpapan,1650527,CITY,Q3899,Kalimantan Timur,ID-KI,Q252,ID
Q5779,Banda Aceh,1215502,CITY,Q1823,Aceh,ID-AC,Q252,ID
Q8156,Bandar Lampung,1624917,CITY,Q2110,Lampung,ID-LA,Q252,ID
Q10332,Bandung,1650352,TOWN,Q3724,Jawa Barat,ID-JB,Q252,ID
Q10389,Bandung,1650357,CITY,Q3724,Jawa Barat,ID-JB,Q252,ID
Q10388,Bandung Barat,7910336,TOWN,Q3724,Jawa Barat,ID-JB,Q252,ID
Q15810,Banggai,,TOWN,Q5065,Sulawesi Tengah,ID-ST,Q252,ID
Q15812,Banggai Kepulauan,9165691,TOWN,Q5065,Sulawesi Tengah,ID-ST,Q252,ID
Q12488339,Banggai Laut,,TOWN,Q5065,Sulawesi Tengah,ID-ST,Q252,ID
Q8163,Bangka,,TOWN,Q1866,Kepulauan Bangka Belitung,ID-BB,Q252,ID
Q8176,Bangka Barat,,TOWN,Q1866,Kepulauan Bangka Belitung,ID-BB,Q252,ID
Q8173,Bangka Selatan,,TOWN,Q1866,Kepulauan Bangka Belitung,ID-BB,Q252,ID
Q8166,Bangka Tengah,,TOWN,Q1866,Kepulauan Bangka Belitung,ID-BB,Q252,ID
Q11066,Bangkalan,,TOWN,Q3586,Jawa Timur,ID-JI,Q252,ID
Q11491,Bangli,7054929,TOWN,Q3125978,Bali,ID-BA,Q252,ID
Q10391,Banjar,1650233,CITY,Q3724,Jawa Barat,ID-JB,Q252,ID
Q14171,Banjar,,TOWN,Q3906,Kalimantan Selatan,ID-KS,Q252,ID
Q14181,Banjarbaru,1650216,CITY,Q3906,Kalimantan Selatan,ID-KS,Q252,ID
Q14182,Banjarmasin,1650211,CITY,Q3906,Kalimantan Selatan,ID-KS,Q252,ID
Q10604,Banjarnegara,6380795,TOWN,Q3557,Jawa Tengah,ID-JT,Q252,ID
Q14590,Bantaeng,,TOWN,Q5078,Sulawesi Selatan,ID-SN,Q252,ID
Q11477,Bantul,,TOWN,Q3741,Yogyakarta,ID-YO,Q252,ID
Q8107,Banyuasin,,TOWN,Q2271,Sumatera Selatan,ID-SS,Q252,ID
Q10605,Banyumas,1650094,TOWN,Q3557,Jawa Tengah,ID-JT,Q252,ID
Q11067,Banyuwangi,1650077,TOWN,Q3586,Jawa Timur,ID-JI,Q252,ID
Q14172,Barito Kuala,,TOWN,Q3906,Kalimantan Selatan,ID-KS,Q252,ID
Q14391,Barito Selatan,1649991,TOWN,Q3891,Kalimantan Tengah,ID-KT,Q252,ID
Q14190,Barito Timur,,TOWN,Q3891,Kalimantan Tengah,ID-KT,Q252,ID
Q14209,Barito Utara,1649989,TOWN,Q3891,Kalimantan Tengah,ID-KT,Q252,ID
Q14593,Barru,,TOWN,Q5078,Sulawesi Selatan,ID-SN,Q252,ID
Q10103,Batam,6295587,CITY,Q2223,Kepulauan Riau,ID-KR,Q252,ID
Q10607,Batang,1649879,TOWN,Q3557,Jawa Tengah,ID-JT,Q252,ID
Q7370,Batanghari,,TOWN,Q2051,Jambi,ID-JA,Q252,ID
Q11434,Batu,1649824,CITY,Q3586,Jawa Timur,ID-JI,Q252,ID
Q5797,Batu Bara,,TOWN,Q2140,Sumatera Utara,ID-SU,Q252,ID
Q15378,Bau Bau,1649541,CITY,Q5075,Sulawesi Tenggara,ID-SG,Q252,ID
Q10340,Bekasi,,TOWN,Q3724,Jawa Barat,ID-JB,Q252,ID
Q10392,Bekasi,1649378,CITY,Q3724,Jawa Barat,ID-JB,Q252,ID
Q8164,Belitung,,TOWN,Q1866,Kepulauan Bangka Belitung,ID-BB,Q252,ID
Q8169,Belitung Timur,,TOWN,Q1866,Kepulauan Bangka Belitung,ID-BB,Q252,ID
Q14133,Belu,1649264,TOWN,Q5061,Nusa Tenggara Timur,ID-NT,Q252,ID
Q5719,Bener Meriah,6712486,TOWN,Q1823,Aceh,ID-AC,Q252,ID
Q7594,Bengkalis,1649169,TOWN,Q2175,Riau,ID-RI,Q252,ID
Q14156,Bengkayang,,TOWN,Q3916,Kalimantan Barat,ID-KB,Q252,ID
Q8042,Bengkulu,1649150,CITY,Q1890,Bengkulu,ID-BE,Q252,ID
Q8040,Bengkulu Selatan,,TOWN,Q1890,Bengkulu,ID-BE,Q252,ID
Q7796,Bengkulu Tengah,,TOWN,Q1890,Bengkulu,ID-BE,Q252,ID
Q8034,Bengkulu Utara,,TOWN,Q1890,Bengkulu,ID-BE,Q252,ID
Q14395,Berau,,TOWN,Q3899,Kalimantan Timur,ID-KI,Q252,ID
Q27246,Biak Numfor,,TOWN,Q5095,Papua,ID-PA,Q252,ID
Q14114,Bima,1648758,TOWN,Q5062,Nusa Tenggara Barat,ID-NB,Q252,ID
Q14128,Bima,1648759,CITY,Q5062,Nusa Tenggara Barat,ID-NB,Q252,ID
Q5954,Binjai,1215355,CITY,Q2140,Sumatera Utara,ID-SU,Q252,ID
Q10097,Bintan,,TOWN,Q2223,Kepulauan Riau,ID-KR,Q252,ID
Q5722,Bireuen,,TOWN,Q1823,Aceh,ID-AC,Q252,ID
Q15845,Bitung,1648636,CITY,Q5068,Sulawesi Utara,ID-SA,Q252,ID
Q11069,Blitar,,TOWN,Q3586,Jawa Timur,ID-JI,Q252,ID
Q11441,Blitar,1648580,CITY,Q3586,Jawa Timur,ID-JI,Q252,ID
Q10608,Blora,,TOWN,Q3557,Jawa Tengah,ID-JT,Q252,ID
Q14508,Boalemo,1623890,TOWN,Q5067,Gorontalo,ID-GO,Q252,ID
Q10363,Bogor,,TOWN,Q3724,Jawa Barat,ID-JB,Q252,ID
Q10393,Bogor,1648473,CITY,Q3724,Jawa Barat,ID-JB,Q252,ID
Q11071,Bojonegoro,1648451,TOWN,Q3586,Jawa Timur,ID-JI,Q252,ID
Q15833,Bolaang Mongondow,,TOWN,Q5068,Sulawesi Utara,ID-SA,Q252,ID
Q15841,Bolaang Mongondow Selatan,,TOWN,Q5068,Sulawesi Utara,ID-SA,Q252,ID
Q15834,Bolaang Mongondow Timur,,TOWN,Q5068,Sulawesi Utara,ID-SA,Q252,ID
Q15837,Bolaang Mongondow Utara,,TOWN,Q5068,Sulawesi Utara,ID-SA,Q252,ID
Q15356,Bombana,,TOWN,Q5075,Sulawesi Tenggara,ID-SG,Q252,ID
Q11076,Bondowoso,,TOWN,Q3586,Jawa Timur,ID-JI,Q252,ID
Q14595,Bone,,TOWN,Q5078,Sulawesi Selatan,ID-SN,Q252,ID
Q14519,Bone Bolango,,TOWN,Q5067,Gorontalo,ID-GO,Q252,ID
Q14495,Bontang,1648186,CITY,Q3899,Kalimantan Timur,ID-KI,Q252,ID
Q27262,Boven Digoel,,TOWN,Q5095,Papua,ID-PA,Q252,ID
Q10609,Boyolali,1648083,TOWN,Q3557,Jawa Tengah,ID-JT,Q252,ID
Q10610,Brebes,,TOWN,Q3557,Jawa Tengah,ID-JT,Q252,ID
Q7248,Bukittinggi,1647866,CITY,Q2772,Sumatera Barat,ID-SB,Q252,ID
Q11495,Buleleng,1647803,TOWN,Q3125978,Bali,ID-BA,Q252,ID
Q14596,Bulukumba,,TOWN,Q5078,Sulawesi Selatan,ID-SN,Q252,ID
Q14404,Bulungan,,TOWN,Q3903,Kalimantan Utara,ID-KU,Q252,ID
Q7373,Bungo,7910349,TOWN,Q2051,Jambi,ID-JA,Q252,ID
Q15813,Buol,1647571,TOWN,Q5065,Sulawesi Tengah,ID-ST,Q252,ID
Q16564,Buru,,TOWN,Q5093,Maluku,ID-MA,Q252,ID
Q16583,Buru Selatan,,TOWN,Q5093,Maluku,ID-MA,Q252,ID
Q15357,Buton,,TOWN,Q5075,Sulawesi Tenggara,ID-SG,Q252,ID
Q19745612,Buton Selatan,,TOWN,Q5075,Sulawesi Tenggara,ID-SG,Q252,ID
Q19745487,Buton Tengah,,TOWN,Q5075,Sulawesi Tenggara,ID-SG,Q252,ID
Q15366,Buton Utara,,TOWN,Q5075,Sulawesi Tenggara,ID-SG,Q252,ID
Q10365,Ciamis,,TOWN,Q3724,Jawa Barat,ID-JB,Q252,ID
Q10367,Cianjur,1647142,TOWN,Q3724,Jawa Barat,ID-JB,Q252,ID
Q10612,Cilacap,1646559,TOWN,Q3557,Jawa Tengah,ID-JT,Q252,ID
Q10124,Cilegon,1646511,CITY,Q3540,Banten,ID-BT,Q252,ID
Q10394,Cimahi,1646446,CITY,Q3724,Jawa Barat,ID-JB,Q252,ID
Q10368,Cirebon,,TOWN,Q3724,Jawa Barat,ID-JB,Q252,ID
Q10395,Cirebon,1646170,CITY,Q3724,Jawa Barat,ID-JB,Q252,ID
Q5801,Dairi,,TOWN,Q2140,Sumatera Utara,ID-SU,Q252,ID
Q27386,Deiyai,,TOWN,Q5095,Papua,ID-PA,Q252,ID
Q5804,Deli Serdang,,TOWN,Q2140,Sumatera Utara,ID-SU,Q252,ID
Q10613,Demak,6738881,TOWN,Q3557,Jawa Tengah,ID-JT,Q252,ID
Q11506,Denpasar,1645528,CITY,Q3125978,Bali,ID-BA,Q252,ID
Q10396,Depok,6751097,CITY,Q3724,Jawa Barat,ID-JB,Q252,ID
Q6024,Dharmasraya,,TOWN,Q2772,Sumatera Barat,ID-SB,Q252,ID
Q27413,Dogiyai,,TOWN,Q5095,Papua,ID-PA,Q252,ID
Q14117,Dompu,7057508,TOWN,Q5062,Nusa Tenggara Barat,ID-NB,Q252,ID
Q15814,Donggala,,TOWN,Q5065,Sulawesi Tengah,ID-ST,Q252,ID
Q7782,Dumai,1645133,CITY,Q2175,Riau,ID-RI,Q252,ID
Q8112,Empat Lawang,,TOWN,Q2271,Sumatera Selatan,ID-SS,Q252,ID
Q14140,Ende,,TOWN,Q5061,Nusa Tenggara Timur,ID-NT,Q252,ID
Q14599,Enrekang,,TOWN,Q5078,Sulawesi Selatan,ID-SN,Q252,ID
Q26727,Fakfak,6619356,TOWN,Q5096,Papua Barat,ID-PB,Q252,ID
Q14136,Flores Timur,1644743,TOWN,Q5061,Nusa Tenggara Timur,ID-NT,Q252,ID
Q10371,Garut,6739432,TOWN,Q3724,Jawa Barat,ID-JB,Q252,ID
Q5666,Gayo Lues,,TOWN,Q1823,Aceh,ID-AC,Q252,ID
Q11496,Gianyar,7053392,TOWN,Q3125978,Bali,ID-BA,Q252,ID
Q14521,Gorontalo,,TOWN,Q5067,Gorontalo,ID-GO,Q252,ID
Q14525,Gorontalo,1643837,CITY,Q5067,Gorontalo,ID-GO,Q252,ID
Q14522,Gorontalo Utara,,TOWN,Q5067,Gorontalo,ID-GO,Q252,ID
Q14601,Gowa,1643807,TOWN,Q5078,Sulawesi Selatan,ID-SN,Q252,ID
Q11077,Gresik,1643776,TOWN,Q3586,Jawa Timur,ID-JI,Q252,ID
Q10614,Grobogan,1643770,TOWN,Q3557,Jawa Tengah,ID-JT,Q252,ID
Q11478,Gunung Kidul,1643604,TOWN,Q3741,Yogyakarta,ID-YO,Q252,ID
Q14192,Gunung Mas,1643597,TOWN,Q3891,Kalimantan Tengah,ID-KT,Q252,ID
Q5967,Gunungsitoli,1215102,CITY,Q2140,Sumatera Utara,ID-SU,Q252,ID
Q19150,Halmahera Barat,,TOWN,Q5094,Maluku Utara,ID-MU,Q252,ID
Q19148,Halmahera Selatan,,TOWN,Q5094,Maluku Utara,ID-MU,Q252,ID
Q19144,Halmahera Tengah,1643475,TOWN,Q5094,Maluku Utara,ID-MU,Q252,ID
Q19145,Halmahera Timur,,TOWN,Q5094,Maluku Utara,ID-MU,Q252,ID
Q19147,Halmahera Utara,9165798,TOWN,Q5094,Maluku Utara,ID-MU,Q252,ID
Q14176,Hulu Sungai Selatan,,TOWN,Q3906,Kalimantan Selatan,ID-KS,Q252,ID
Q14173,Hulu Sungai Tengah,,TOWN,Q3906,Kalimantan Selatan,ID-KS,Q252,ID
Q14175,Hulu Sungai Utara,,TOWN,Q3906,Kalimantan Selatan,ID-KS,Q252,ID
Q5808,Humbang Hasundutan,,TOWN,Q2140,Sumatera Utara,ID-SU,Q252,ID
Q7599,Indragiri Hilir,,TOWN,Q2175,Riau,ID-RI,Q252,ID
Q7605,Indragiri Hulu,,TOWN,Q2175,Riau,ID-RI,Q252,ID
Q10374,Indramayu,,TOWN,Q3724,Jawa Barat,ID-JB,Q252,ID
Q27458,Intan Jaya,,TOWN,Q5095,Papua,ID-PA,Q252,ID
Q10116,Jakarta Barat,1642909,CITY,Q3630,Daerah Khusus Ibukota Jakarta,ID-JK,Q252,ID
Q10109,Jakarta Pusat,1642908,CITY,Q3630,Daerah Khusus Ibukota Jakarta,ID-JK,Q252,ID
Q10114,Jakarta Selatan,1642905,CITY,Q3630,Daerah Khusus Ibukota Jakarta,ID-JK,Q252,ID
Q10111,Jakarta Timur,1642904,CITY,Q3630,Daerah Khusus Ibukota Jakarta,ID-JK,Q252,ID
Q10113,Jakarta Utara,1642903,CITY,Q3630,Daerah Khusus Ibukota Jakarta,ID-JK,Q252,ID
Q7578,Jambi,1642857,CITY,Q2051,Jambi,ID-JA,Q252,ID
Q27860,Jayapura,2082600,CITY,Q5095,Papua,ID-PA,Q252,ID
Q27477,Jayapura,,TOWN,Q5095,Papua,ID-PA,Q252,ID
Q27529,Jayawijaya,1631789,TOWN,Q5095,Papua,ID-PA,Q252,ID
Q11080,Jember,1642588,TOWN,Q3586,Jawa Timur,ID-JI,Q252,ID
Q11499,Jembrana,,TOWN,Q3125978,Bali,ID-BA,Q252,ID
Q14602,Jeneponto,,TOWN,Q5078,Sulawesi Selatan,ID-SN,Q252,ID
Q10615,Jepara,1642545,TOWN,Q3557,Jawa Tengah,ID-JT,Q252,ID
Q11082,Jombang,1642413,TOWN,Q3586,Jawa Timur,ID-JI,Q252,ID
Q17053892,Kabupaten Pulau Morotai,,TOWN,Q5094,Maluku Utara,ID-MU,Q252,ID
Q26739,Kaimana,,TOWN,Q5096,Papua Barat,ID-PB,Q252,ID
Q7613,Kampar,,TOWN,Q2175,Riau,ID-RI,Q252,ID
Q14193,Kapuas,,TOWN,Q3891,Kalimantan Tengah,ID-KT,Q252,ID
Q14157,Kapuas Hulu,,TOWN,Q3916,Kalimantan Barat,ID-KB,Q252,ID
Q10616,Karanganyar,,TOWN,Q3557,Jawa Tengah,ID-JT,Q252,ID
Q11501,Karangasem,,TOWN,Q3125978,Bali,ID-BA,Q252,ID
Q10375,Karawang,,TOWN,Q3724,Jawa Barat,ID-JB,Q252,ID
Q10098,Karimun,,TOWN,Q2223,Kepulauan Riau,ID-KR,Q252,ID
Q5810,Karo,,TOWN,Q2140,Sumatera Utara,ID-SU,Q252,ID
Q4201892,Katingan,,TOWN,Q3891,Kalimantan Tengah,ID-KT,Q252,ID
Q3182322,Kaur,,TOWN,Q1890,Bengkulu,ID-BE,Q252,ID
Q14158,Kayong Utara,,TOWN,Q3916,Kalimantan Barat,ID-KB,Q252,ID
Q10617,Kebumen,,TOWN,Q3557,Jawa Tengah,ID-JT,Q252,ID
Q11084,Kediri,,TOWN,Q3586,Jawa Timur,ID-JI,Q252,ID
Q11443,Kediri,1640660,CITY,Q3586,Jawa Timur,ID-JI,Q252,ID
Q27573,Keerom,8531252,TOWN,Q5095,Papua,ID-PA,Q252,ID
Q10618,Kendal,,TOWN,Q3557,Jawa Tengah,ID-JT,Q252,ID
Q15379,Kendari,1640344,CITY,Q5075,Sulawesi Tenggara,ID-SG,Q252,ID
Q7940,Kepahiang,1641464,TOWN,Q1890,Bengkulu,ID-BE,Q252,ID
Q10096,Kepulauan Anambas,,TOWN,Q2223,Kepulauan Riau,ID-KR,Q252,ID
Q16561,Kepulauan Aru,1651192,TOWN,Q5093,Maluku,ID-MA,Q252,ID
Q6038,Kepulauan Mentawai,,TOWN,Q2772,Sumatera Barat,ID-SB,Q252,ID
Q7630,Kepulauan Meranti,,TOWN,Q2175,Riau,ID-RI,Q252,ID
Q14619,Kepulauan Selayar,,TOWN,Q5078,Sulawesi Selatan,ID-SN,Q252,ID
Q15840,Kepulauan Siau Tagulandang Biaro,,TOWN,Q5068,Sulawesi Utara,ID-SA,Q252,ID
Q19149,Kepulauan Sula,1626240,TOWN,Q5094,Maluku Utara,ID-MU,Q252,ID
Q27848,Kepulauan Yapen,,TOWN,Q5095,Papua,ID-PA,Q252,ID
Q7376,Kerinci,1640224,TOWN,Q2051,Jambi,ID-JA,Q252,ID
Q14159,Ketapang,,TOWN,Q3916,Kalimantan Barat,ID-KB,Q252,ID
Q10619,Klaten,2007277,TOWN,Q3557,Jawa Tengah,ID-JT,Q252,ID
Q11503,Klungkung,1639850,TOWN,Q3125978,Bali,ID-BA,Q252,ID
Q15358,Kolaka,,TOWN,Q5075,Sulawesi Tenggara,ID-SG,Q252,ID
Q15960838,Kolaka Timur,,TOWN,Q5075,Sulawesi Tenggara,ID-SG,Q252,ID
Q15369,Kolaka Utara,,TOWN,Q5075,Sulawesi Tenggara,ID-SG,Q252,ID
Q15359,Konawe,,TOWN,Q5075,Sulawesi Tenggara,ID-SG,Q252,ID
Q15730145,Konawe Kepulauan,,TOWN,Q5075,Sulawesi Tenggara,ID-SG,Q252,ID
Q15372,Konawe Selatan,,TOWN,Q5075,Sulawesi Tenggara,ID-SG,Q252,ID
Q15370,Konawe Utara,,TOWN,Q5075,Sulawesi Tenggara,ID-SG,Q252,ID
Q14174,Kotabaru,,TOWN,Q3906,Kalimantan Selatan,ID-KS,Q252,ID
Q15846,Kotamobagu,1639500,CITY,Q5068,Sulawesi Utara,ID-SA,Q252,ID
Q14393,Kotawaringin Barat,,TOWN,Q3891,Kalimantan Tengah,ID-KT,Q252,ID
Q14191,Kotawaringin Timur,,TOWN,Q3891,Kalimantan Tengah,ID-KT,Q252,ID
Q7626,Kuantan Singingi,,TOWN,Q2175,Riau,ID-RI,Q252,ID
Q14160,Kubu Raya,,TOWN,Q3916,Kalimantan Barat,ID-KB,Q252,ID
Q10620,Kudus,1639215,TOWN,Q3557,Jawa Tengah,ID-JT,Q252,ID
Q11479,Kulon Progo,,TOWN,Q3741,Yogyakarta,ID-YO,Q252,ID
Q10376,Kuningan,,TOWN,Q3724,Jawa Barat,ID-JB,Q252,ID
Q14155,Kupang,2057087,CITY,Q5061,Nusa Tenggara Timur,ID-NT,Q252,ID
Q14141,Kupang,2057086,TOWN,Q5061,Nusa Tenggara Timur,ID-NT,Q252,ID
Q14489,Kutai Barat,,TOWN,Q3899,Kalimantan Timur,ID-KI,Q252,ID
Q14473,Kutai Kartanegara,,TOWN,Q3899,Kalimantan Timur,ID-KI,Q252,ID
Q14468,Kutai Timur,,TOWN,Q3899,Kalimantan Timur,ID-KI,Q252,ID
Q5814,Labuhanbatu,,TOWN,Q2140,Sumatera Utara,ID-SU,Q252,ID
Q5905,Labuhanbatu Selatan,,TOWN,Q2140,Sumatera Utara,ID-SU,Q252,ID
Q5842,Labuhanbatu Utara,,TOWN,Q2140,Sumatera Utara,ID-SU,Q252,ID
Q8117,Lahat,1638775,TOWN,Q2271,Sumatera Selatan,ID-SS,Q252,ID
Q14194,Lamandau,9165993,TOWN,Q3891,Kalimantan Tengah,ID-KT,Q252,ID
Q11086,Lamongan,1638562,TOWN,Q3586,Jawa Timur,ID-JI,Q252,ID
Q8153,Lampung Barat,,TOWN,Q2110,Lampung,ID-LA,Q252,ID
Q8147,Lampung Selatan,,TOWN,Q2110,Lampung,ID-LA,Q252,ID
Q8135,Lampung Tengah,,TOWN,Q2110,Lampung,ID-LA,Q252,ID
Q8136,Lampung Timur,,TOWN,Q2110,Lampung,ID-LA,Q252,ID
Q8140,Lampung Utara,,TOWN,Q2110,Lampung,ID-LA,Q252,ID
Q14161,Landak,,TOWN,Q3916,Kalimantan Barat,ID-KB,Q252,ID
Q5833,Langkat,,TOWN,Q2140,Sumatera Utara,ID-SU,Q252,ID
Q5781,Langsa,1214724,CITY,Q1823,Aceh,ID-AC,Q252,ID
Q27594,Lanny Jaya,,TOWN,Q5095,Papua,ID-PA,Q252,ID
Q10119,Lebak,6762593,TOWN,Q3540,Banten,ID-BT,Q252,ID
Q8031,Lebong,,TOWN,Q1890,Bengkulu,ID-BE,Q252,ID
Q14142,Lembata,,TOWN,Q5061,Nusa Tenggara Timur,ID-NT,Q252,ID
Q5784,Lhokseumawe,1214658,CITY,Q1823,Aceh,ID-AC,Q252,ID
Q6032,Lima Puluh Kota,,TOWN,Q2772,Sumatera Barat,ID-SB,Q252,ID
Q10099,Lingga,,TOWN,Q2223,Kepulauan Riau,ID-KR,Q252,ID
Q14123,Lombok Barat,1637367,TOWN,Q5062,Nusa Tenggara Barat,ID-NB,Q252,ID
Q14119,Lombok Tengah,1637366,TOWN,Q5062,Nusa Tenggara Barat,ID-NB,Q252,ID
Q14115,Lombok Timur,1637365,TOWN,Q5062,Nusa Tenggara Barat,ID-NB,Q252,ID
Q14121,Lombok Utara,8659092,TOWN,Q5062,Nusa Tenggara Barat,ID-NB,Q252,ID
Q8129,Lubuk Linggau,1637158,CITY,Q2271,Sumatera Selatan,ID-SS,Q252,ID
Q11087,Lumajang,1637089,TOWN,Q3586,Jawa Timur,ID-JI,Q252,ID
Q14604,Luwu,,TOWN,Q5078,Sulawesi Selatan,ID-SN,Q252,ID
Q14597,Luwu Timur,,TOWN,Q5078,Sulawesi Selatan,ID-SN,Q252,ID
Q14606,Luwu Utara,,TOWN,Q5078,Sulawesi Selatan,ID-SN,Q252,ID
Q11091,Madiun,,TOWN,Q3586,Jawa Timur,ID-JI,Q252,ID
Q11444,Madiun,1636930,CITY,Q3586,Jawa Timur,ID-JI,Q252,ID
Q10621,Magelang,,TOWN,Q3557,Jawa Tengah,ID-JT,Q252,ID
Q11017,Magelang,1636884,CITY,Q3557,Jawa Tengah,ID-JT,Q252,ID
Q11092,Magetan,1636878,TOWN,Q3586,Jawa Timur,ID-JI,Q252,ID
Q12488347,Mahakam Ulu,,TOWN,Q3899,Kalimantan Timur,ID-KI,Q252,ID
Q10377,Majalengka,,TOWN,Q3724,Jawa Barat,ID-JB,Q252,ID
Q15344,Majene,1636805,TOWN,Q5082,Sulawesi Barat,ID-SR,Q252,ID
Q14634,Makassar,6733264,CITY,Q5078,Sulawesi Selatan,ID-SN,Q252,ID
Q4069046,Malaka,,TOWN,Q5061,Nusa Tenggara Timur,ID-NT,Q252,ID
Q11095,Malang,,TOWN,Q3586,Jawa Timur,ID-JI,Q252,ID
Q11445,Malang,1636722,CITY,Q3586,Jawa Timur,ID-JI,Q252,ID
Q14476,Malinau,,TOWN,Q3903,Kalimantan Utara,ID-KU,Q252,ID
Q18935,Maluku Barat Daya,,TOWN,Q5093,Maluku,ID-MA,Q252,ID
Q4201768,Maluku Tengah,9165982,TOWN,Q5093,Maluku,ID-MA,Q252,ID
Q18849,Maluku Tenggara,,TOWN,Q5093,Maluku,ID-MA,Q252,ID
Q18961,Maluku Tenggara Barat,9828704,TOWN,Q5093,Maluku,ID-MA,Q252,ID
Q15347,Mamasa,,TOWN,Q5082,Sulawesi Barat,ID-SR,Q252,ID
Q27668,Mamberamo Raya,9828781,TOWN,Q5095,Papua,ID-PA,Q252,ID
Q27316,Mamberamo Tengah,,TOWN,Q5095,Papua,ID-PA,Q252,ID
Q15349,Mamuju,1636555,TOWN,Q5082,Sulawesi Barat,ID-SR,Q252,ID
Q12488349,Mamuju Tengah,,TOWN,Q5082,Sulawesi Barat,ID-SR,Q252,ID
Q15350,Mamuju Utara,,TOWN,Q5082,Sulawesi Barat,ID-SR,Q252,ID
Q15847,Manado,1636544,CITY,Q5068,Sulawesi Utara,ID-SA,Q252,ID
Q5837,Mandailing Natal,,TOWN,Q2140,Sumatera Utara,ID-SU,Q252,ID
Q14143,Manggarai,,TOWN,Q5061,Nusa Tenggara Timur,ID-NT,Q252,ID
Q14153,Manggarai Barat,,TOWN,Q5061,Nusa Tenggara Timur,ID-NT,Q252,ID
Q14137,Manggarai Timur,,TOWN,Q5061,Nusa Tenggara Timur,ID-NT,Q252,ID
Q26748,Manokwari,,TOWN,Q5096,Papua Barat,ID-PB,Q252,ID
Q12488351,Manokwari Selatan,,TOWN,Q5096,Papua Barat,ID-PB,Q252,ID
Q27679,Mappi,,TOWN,Q5095,Papua,ID-PA,Q252,ID
Q14611,Maros,,TOWN,Q5078,Sulawesi Selatan,ID-SN,Q252,ID
Q14126,Mataram,1635881,CITY,Q5062,Nusa Tenggara Barat,ID-NB,Q252,ID
Q26759,Maybrat,,TOWN,Q5096,Papua Barat,ID-PB,Q252,ID
Q5972,Medan,1214520,CITY,Q2140,Sumatera Utara,ID-SU,Q252,ID
Q14162,Melawi,9828958,TOWN,Q3916,Kalimantan Barat,ID-KB,Q252,ID
Q14163,Mempawah,,TOWN,Q3916,Kalimantan Barat,ID-KB,Q252,ID
Q7379,Merangin,,TOWN,Q2051,Jambi,ID-JA,Q252,ID
Q27693,Merauke,,TOWN,Q5095,Papua,ID-PA,Q252,ID
Q8139,Mesuji,,TOWN,Q2110,Lampung,ID-LA,Q252,ID
Q8158,Metro,1635283,CITY,Q2110,Lampung,ID-LA,Q252,ID
Q27700,Mimika,,TOWN,Q5095,Papua,ID-PA,Q252,ID
Q15836,Minahasa,,TOWN,Q5068,Sulawesi Utara,ID-SA,Q252,ID
Q15842,Minahasa Selatan,,TOWN,Q5068,Sulawesi Utara,ID-SA,Q252,ID
Q15843,Minahasa Tenggara,,TOWN,Q5068,Sulawesi Utara,ID-SA,Q252,ID
Q15838,Minahasa Utara,,TOWN,Q5068,Sulawesi Utara,ID-SA,Q252,ID
Q11096,Mojokerto,,TOWN,Q3586,Jawa Timur,ID-JI,Q252,ID
Q11447,Mojokerto,1635111,CITY,Q3586,Jawa Timur,ID-JI,Q252,ID
Q15815,Morowali,,TOWN,Q5065,Sulawesi Tengah,ID-ST,Q252,ID
Q12488353,Morowali Utara,,TOWN,Q5065,Sulawesi Tengah,ID-ST,Q252,ID
Q8119,Muara Enim,,TOWN,Q2271,Sumatera Selatan,ID-SS,Q252,ID
Q7381,Muaro Jambi,,TOWN,Q2051,Jambi,ID-JA,Q252,ID
Q8033,Muko Muko,,TOWN,Q1890,Bengkulu,ID-BE,Q252,ID
Q15363,Muna,,TOWN,Q5075,Sulawesi Tenggara,ID-SG,Q252,ID
Q19746428,Muna Barat,,TOWN,Q5075,Sulawesi Tenggara,ID-SG,Q252,ID
Q14195,Murung Raya,1634654,TOWN,Q3891,Kalimantan Tengah,ID-KT,Q252,ID
Q8120,Musi Banyuasin,,TOWN,Q2271,Sumatera Selatan,ID-SS,Q252,ID
Q8121,Musi Rawas,,TOWN,Q2271,Sumatera Selatan,ID-SS,Q252,ID
Q18511812,Musi Rawas Utara,,TOWN,Q2271,Sumatera Selatan,ID-SS,Q252,ID
Q27708,Nabire,,TOWN,Q5095,Papua,ID-PA,Q252,ID
Q5746,Nagan Raya,,TOWN,Q1823,Aceh,ID-AC,Q252,ID
Q14144,Nagekeo,,TOWN,Q5061,Nusa Tenggara Timur,ID-NT,Q252,ID
Q10100,Natuna,1634312,TOWN,Q2223,Kepulauan Riau,ID-KR,Q252,ID
Q27724,Nduga,9828977,TOWN,Q5095,Papua,ID-PA,Q252,ID
Q14145,Ngada,,TOWN,Q5061,Nusa Tenggara Timur,ID-NT,Q252,ID
Q11098,Nganjuk,1634131,TOWN,Q3586,Jawa Timur,ID-JI,Q252,ID
Q11108,Ngawi,,TOWN,Q3586,Jawa Timur,ID-JI,Q252,ID
Q5841,Nias,,TOWN,Q2140,Sumatera Utara,ID-SU,Q252,ID
Q5909,Nias Barat,,TOWN,Q2140,Sumatera Utara,ID-SU,Q252,ID
Q5918,Nias Selatan,,TOWN,Q2140,Sumatera Utara,ID-SU,Q252,ID
Q5853,Nias Utara,,TOWN,Q2140,Sumatera Utara,ID-SU,Q252,ID
Q14481,Nunukan,,TOWN,Q3903,Kalimantan Utara,ID-KU,Q252,ID
Q8122,Ogan Ilir,,TOWN,Q2271,Sumatera Selatan,ID-SS,Q252,ID
Q8125,Ogan Komering Ilir,,TOWN,Q2271,Sumatera Selatan,ID-SS,Q252,ID
Q8126,Ogan Komering Ulu,,TOWN,Q2271,Sumatera Selatan,ID-SS,Q252,ID
Q8127,Ogan Komering Ulu Selatan,,TOWN,Q2271,Sumatera Selatan,ID-SS,Q252,ID
Q8110,Ogan Komering Ulu Timur,,TOWN,Q2271,Sumatera Selatan,ID-SS,Q252,ID
Q11111,Pacitan,,TOWN,Q3586,Jawa Timur,ID-JI,Q252,ID
Q7253,Padang,1633419,CITY,Q2772,Sumatera Barat,ID-SB,Q252,ID
Q5866,Padang Lawas,,TOWN,Q2140,Sumatera Utara,ID-SU,Q252,ID
Q5857,Padang Lawas Utara,,TOWN,Q2140,Sumatera Utara,ID-SU,Q252,ID
Q7256,Padang Panjang,1633375,CITY,Q2772,Sumatera Barat,ID-SB,Q252,ID
Q6042,Padang Pariaman,,TOWN,Q2772,Sumatera Barat,ID-SB,Q252,ID
Q5974,Padangsidimpuan,1214369,CITY,Q2140,Sumatera Utara,ID-SU,Q252,ID
Q8130,Pagar Alam,1633308,CITY,Q2271,Sumatera Selatan,ID-SS,Q252,ID
Q14523,Pahuwato,1967697,TOWN,Q5067,Gorontalo,ID-GO,Q252,ID
Q5872,Pakpak Bharat,,TOWN,Q2140,Sumatera Utara,ID-SU,Q252,ID
Q14409,Palangka Raya,1633117,CITY,Q3891,Kalimantan Tengah,ID-KT,Q252,ID
Q8131,Palembang,1633070,CITY,Q2271,Sumatera Selatan,ID-SS,Q252,ID
Q14635,Palopo,1633037,CITY,Q5078,Sulawesi Selatan,ID-SN,Q252,ID
Q15826,Palu,1633033,CITY,Q5065,Sulawesi Tengah,ID-ST,Q252,ID
Q11112,Pamekasan,1632978,TOWN,Q3586,Jawa Timur,ID-JI,Q252,ID
Q10121,Pandeglang,1632822,TOWN,Q3540,Banten,ID-BT,Q252,ID
Q46483,Pangandaran,,TOWN,Q3724,Jawa Barat,ID-JB,Q252,ID
Q14613,Pangkajene Kepulauan,1632723,TOWN,Q5078,Sulawesi Selatan,ID-SN,Q252,ID
Q8179,Pangkal Pinang,1632654,CITY,Q1866,Kepulauan Bangka Belitung,ID-BB,Q252,ID
Q27738,Paniai,,TOWN,Q5095,Papua,ID-PA,Q252,ID
Q14636,Pare Pare,1632352,CITY,Q5078,Sulawesi Selatan,ID-SN,Q252,ID
Q7258,Pariaman,1632334,CITY,Q2772,Sumatera Barat,ID-SB,Q252,ID
Q15816,Parigi Moutong,,TOWN,Q5065,Sulawesi Tengah,ID-ST,Q252,ID
Q6048,Pasaman,,TOWN,Q2772,Sumatera Barat,ID-SB,Q252,ID
Q6103,Pasaman Barat,,TOWN,Q2772,Sumatera Barat,ID-SB,Q252,ID
Q14485,Paser,,TOWN,Q3899,Kalimantan Timur,ID-KI,Q252,ID
Q11115,Pasuruan,1632032,TOWN,Q3586,Jawa Timur,ID-JI,Q252,ID
Q11449,Pasuruan,1632033,CITY,Q3586,Jawa Timur,ID-JI,Q252,ID
Q10622,Pati,,TOWN,Q3557,Jawa Tengah,ID-JT,Q252,ID
Q7261,Payakumbuh,1631905,CITY,Q2772,Sumatera Barat,ID-SB,Q252,ID
Q16251650,Pegunungan Arfak,,TOWN,Q5096,Papua Barat,ID-PB,Q252,ID
Q27750,Pegunungan Bintang,,TOWN,Q5095,Papua,ID-PA,Q252,ID
Q10623,Pekalongan,,TOWN,Q3557,Jawa Tengah,ID-JT,Q252,ID
Q11026,Pekalongan,1631766,CITY,Q3557,Jawa Tengah,ID-JT,Q252,ID
Q7786,Pekanbaru,1631761,CITY,Q2175,Riau,ID-RI,Q252,ID
Q7641,Pelalawan,,TOWN,Q2175,Riau,ID-RI,Q252,ID
Q10624,Pemalang,1631648,TOWN,Q3557,Jawa Tengah,ID-JT,Q252,ID
Q5979,Pematang Siantar,1214204,CITY,Q2140,Sumatera Utara,ID-SU,Q252,ID
Q14479,Penajam Paser Utara,,TOWN,Q3899,Kalimantan Timur,ID-KI,Q252,ID
Q15729116,Penukal Abab Lematang Ilir,9828027,TOWN,Q2271,Sumatera Selatan,ID-SS,Q252,ID
Q8144,Pesawaran,,TOWN,Q2110,Lampung,ID-LA,Q252,ID
Q46481,Pesisir Barat,,TOWN,Q2110,Lampung,ID-LA,Q252,ID
Q6065,Pesisir Selatan,,TOWN,Q2772,Sumatera Barat,ID-SB,Q252,ID
Q5751,Pidie,,TOWN,Q1823,Aceh,ID-AC,Q252,ID
Q5754,Pidie Jaya,,TOWN,Q1823,Aceh,ID-AC,Q252,ID
Q14615,Pinrang,,TOWN,Q5078,Sulawesi Selatan,ID-SN,Q252,ID
Q15353,Polewali Mandar,,TOWN,Q5082,Sulawesi Barat,ID-SR,Q252,ID
Q11118,Ponorogo,1630798,TOWN,Q3586,Jawa Timur,ID-JI,Q252,ID
Q14168,Pontianak,1630789,CITY,Q3916,Kalimantan Barat,ID-KB,Q252,ID
Q15817,Poso,,TOWN,Q5065,Sulawesi Tengah,ID-ST,Q252,ID
Q8133,Prabumulih,1631393,CITY,Q2271,Sumatera Selatan,ID-SS,Q252,ID
Q8145,Pringsewu,,TOWN,Q2110,Lampung,ID-LA,Q252,ID
Q11121,Probolinggo,,TOWN,Q3586,Jawa Timur,ID-JI,Q252,ID
Q11450,Probolinggo,1630634,CITY,Q3586,Jawa Timur,ID-JI,Q252,ID
Q14385,Pulang Pisau,,TOWN,Q3891,Kalimantan Tengah,ID-KT,Q252,ID
Q676084,Pulau Taliabu,1625428,TOWN,Q5094,Maluku Utara,ID-MU,Q252,ID
Q27761,Puncak,,TOWN,Q5095,Papua,ID-PA,Q252,ID
Q27771,Puncak Jaya,,TOWN,Q5095,Papua,ID-PA,Q252,ID
Q10625,Purbalingga,,TOWN,Q3557,Jawa Tengah,ID-JT,Q252,ID
Q10378,Purwakarta,,TOWN,Q3724,Jawa Barat,ID-JB,Q252,ID
Q10674,Purworejo,,TOWN,Q3557,Jawa Tengah,ID-JT,Q252,ID
Q26785,Raja Ampat,,TOWN,Q5096,Papua Barat,ID-PB,Q252,ID
Q8035,Rejang Lebong,,TOWN,Q1890,Bengkulu,ID-BE,Q252,ID
Q10684,Rembang,,TOWN,Q3557,Jawa Tengah,ID-JT,Q252,ID
Q7759,Rokan Hilir,,TOWN,Q2175,Riau,ID-RI,Q252,ID
Q7744,Rokan Hulu,6722476,TOWN,Q2175,Riau,ID-RI,Q252,ID
Q14147,Rote Ndao,,TOWN,Q5061,Nusa Tenggara Timur,ID-NT,Q252,ID
Q5787,Sabang,1214026,CITY,Q1823,Aceh,ID-AC,Q252,ID
Q14148,Sabu Raijua,,TOWN,Q5061,Nusa Tenggara Timur,ID-NT,Q252,ID
Q11021,Salatiga,1972989,CITY,Q3557,Jawa Tengah,ID-JT,Q252,ID
Q14499,Samarinda,1629001,CITY,Q3899,Kalimantan Timur,ID-KI,Q252,ID
Q14164,Sambas,,TOWN,Q3916,Kalimantan Barat,ID-KB,Q252,ID
Q5888,Samosir,,TOWN,Q2140,Sumatera Utara,ID-SU,Q252,ID
Q11127,Sampang,,TOWN,Q3586,Jawa Timur,ID-JI,Q252,ID
Q14165,Sanggau,,TOWN,Q3916,Kalimantan Barat,ID-KB,Q252,ID
Q15839,Sangihe,,TOWN,Q5068,Sulawesi Utara,ID-SA,Q252,ID
Q27784,Sarmi,,TOWN,Q5095,Papua,ID-PA,Q252,ID
Q7383,Sarolangun,,TOWN,Q2051,Jambi,ID-JA,Q252,ID
Q7263,Sawahlunto,1628472,CITY,Q2772,Sumatera Barat,ID-SB,Q252,ID
Q14166,Sekadau,,TOWN,Q3916,Kalimantan Barat,ID-KB,Q252,ID
Q8037,Seluma,,TOWN,Q1890,Bengkulu,ID-BE,Q252,ID
Q10687,Semarang,6410701,TOWN,Q3557,Jawa Tengah,ID-JT,Q252,ID
Q11025,Semarang,1627896,CITY,Q3557,Jawa Tengah,ID-JT,Q252,ID
Q18942,Seram Bagian Barat,,TOWN,Q5093,Maluku,ID-MA,Q252,ID
Q16569,Seram Bagian Timur,,TOWN,Q5093,Maluku,ID-MA,Q252,ID
Q10122,Serang,,TOWN,Q3540,Banten,ID-BT,Q252,ID
Q10126,Serang,1627549,CITY,Q3540,Banten,ID-BT,Q252,ID
Q5899,Serdang Bedagai,,TOWN,Q2140,Sumatera Utara,ID-SU,Q252,ID
Q14389,Seruyan,,TOWN,Q3891,Kalimantan Tengah,ID-KT,Q252,ID
Q7777,Siak,,TOWN,Q2175,Riau,ID-RI,Q252,ID
Q5984,Sibolga,1213855,CITY,Q2140,Sumatera Utara,ID-SU,Q252,ID
Q11214749,Sidenreng Rappang,1627258,TOWN,Q5078,Sulawesi Selatan,ID-SN,Q252,ID
Q11129,Sidoarjo,1627253,TOWN,Q3586,Jawa Timur,ID-JI,Q252,ID
Q15822,Sigi,9781856,TOWN,Q5065,Sulawesi Tengah,ID-ST,Q252,ID
Q6055,Sijunjung,,TOWN,Q2772,Sumatera Barat,ID-SB,Q252,ID
Q14150,Sikka,1627182,TOWN,Q5061,Nusa Tenggara Timur,ID-NT,Q252,ID
Q5903,Simalungun,,TOWN,Q2140,Sumatera Utara,ID-SU,Q252,ID
Q5757,Simeulue,1213749,TOWN,Q1823,Aceh,ID-AC,Q252,ID
Q14169,Singkawang,1626916,CITY,Q3916,Kalimantan Barat,ID-KB,Q252,ID
Q14622,Sinjai,,TOWN,Q5078,Sulawesi Selatan,ID-SN,Q252,ID
Q14167,Sintang,,TOWN,Q3916,Kalimantan Barat,ID-KB,Q252,ID
Q11134,Situbondo,1626801,TOWN,Q3586,Jawa Timur,ID-JI,Q252,ID
Q11480,Sleman,,TOWN,Q3741,Yogyakarta,ID-YO,Q252,ID
Q7266,Solok,1626649,CITY,Q2772,Sumatera Barat,ID-SB,Q252,ID
Q6058,Solok,,TOWN,Q2772,Sumatera Barat,ID-SB,Q252,ID
Q6083,Solok Selatan,,TOWN,Q2772,Sumatera Barat,ID-SB,Q252,ID
Q14629,Soppeng,7063566,TOWN,Q5078,Sulawesi Selatan,ID-SN,Q252,ID
Q26837,Sorong,1626542,CITY,Q5096,Papua Barat,ID-PB,Q252,ID
Q26792,Sorong,1626541,TOWN,Q5096,Papua Barat,ID-PB,Q252,ID
Q26802,Sorong Selatan,,TOWN,Q5096,Papua Barat,ID-PB,Q252,ID
Q10688,Sragen,,TOWN,Q3557,Jawa Tengah,ID-JT,Q252,ID
Q10380,Subang,6581948,TOWN,Q3724,Jawa Barat,ID-JB,Q252,ID
Q5789,Subulussalam,8572074,CITY,Q1823,Aceh,ID-AC,Q252,ID
Q10381,Sukabumi,,TOWN,Q3724,Jawa Barat,ID-JB,Q252,ID
Q10397,Sukabumi,1626381,CITY,Q3724,Jawa Barat,ID-JB,Q252,ID
Q14386,Sukamara,,TOWN,Q3891,Kalimantan Tengah,ID-KT,Q252,ID
Q10692,Sukoharjo,,TOWN,Q3557,Jawa Tengah,ID-JT,Q252,ID
Q14154,Sumba Barat,,TOWN,Q5061,Nusa Tenggara Timur,ID-NT,Q252,ID
Q14152,Sumba Barat Daya,,TOWN,Q5061,Nusa Tenggara Timur,ID-NT,Q252,ID
Q14134,Sumba Tengah,,TOWN,Q5061,Nusa Tenggara Timur,ID-NT,Q252,ID
Q14139,Sumba Timur,,TOWN,Q5061,Nusa Tenggara Timur,ID-NT,Q252,ID
Q14122,Sumbawa,8594735,TOWN,Q5062,Nusa Tenggara Barat,ID-NB,Q252,ID
Q14124,Sumbawa Barat,6984549,TOWN,Q5062,Nusa Tenggara Barat,ID-NB,Q252,ID
Q10382,Sumedang,,TOWN,Q3724,Jawa Barat,ID-JB,Q252,ID
Q11137,Sumenep,1626099,TOWN,Q3586,Jawa Timur,ID-JI,Q252,ID
Q7592,Sungai Penuh,1625929,CITY,Q2051,Jambi,ID-JA,Q252,ID
Q27793,Supiori,1625830,TOWN,Q5095,Papua,ID-PA,Q252,ID
Q11462,Surabaya,1625822,CITY,Q3586,Jawa Timur,ID-JI,Q252,ID
Q4803,Surakarta,1625812,CITY,Q3557,Jawa Tengah,ID-JT,Q252,ID
Q14177,Tabalong,,TOWN,Q3906,Kalimantan Selatan,ID-KS,Q252,ID
Q11505,Tabanan,,TOWN,Q3125978,Bali,ID-BA,Q252,ID
Q14630,Takalar,1625545,TOWN,Q5078,Sulawesi Selatan,ID-SN,Q252,ID
Q15844,Talaud,,TOWN,Q5068,Sulawesi Utara,ID-SA,Q252,ID
Q26810,Tambrauw,,TOWN,Q5096,Papua Barat,ID-PB,Q252,ID
Q14487,Tana Tidung,8613361,TOWN,Q3903,Kalimantan Utara,ID-KU,Q252,ID
Q14632,Tana Toraja,1625123,TOWN,Q5078,Sulawesi Selatan,ID-SN,Q252,ID
Q14179,Tanah Bumbu,,TOWN,Q3906,Kalimantan Selatan,ID-KS,Q252,ID
Q6093,Tanah Datar,,TOWN,Q2772,Sumatera Barat,ID-SB,Q252,ID
Q14178,Tanah Laut,,TOWN,Q3906,Kalimantan Selatan,ID-KS,Q252,ID
Q10123,Tangerang,,TOWN,Q3540,Banten,ID-BT,Q252,ID
Q10127,Tangerang,1625084,CITY,Q3540,Banten,ID-BT,Q252,ID
Q10128,Tangerang Selatan,8581443,CITY,Q3540,Banten,ID-BT,Q252,ID
Q8149,Tanggamus,,TOWN,Q2110,Lampung,ID-LA,Q252,ID
Q5987,Tanjung Balai,1213546,CITY,Q2140,Sumatera Utara,ID-SU,Q252,ID
Q7388,Tanjung Jabung Barat,,TOWN,Q2051,Jambi,ID-JA,Q252,ID
Q7384,Tanjung Jabung Timur,,TOWN,Q2051,Jambi,ID-JA,Q252,ID
Q10104,Tanjung Pinang,1624863,CITY,Q2223,Kepulauan Riau,ID-KR,Q252,ID
Q5914,Tapanuli Selatan,,TOWN,Q2140,Sumatera Utara,ID-SU,Q252,ID
Q5800,Tapanuli Tengah,,TOWN,Q2140,Sumatera Utara,ID-SU,Q252,ID
Q5863,Tapanuli Utara,,TOWN,Q2140,Sumatera Utara,ID-SU,Q252,ID
Q14180,Tapin,,TOWN,Q3906,Kalimantan Selatan,ID-KS,Q252,ID
Q14501,Tarakan,1624725,CITY,Q3903,Kalimantan Utara,ID-KU,Q252,ID
Q10385,Tasikmalaya,,TOWN,Q3724,Jawa Barat,ID-JB,Q252,ID
Q10399,Tasikmalaya,1624647,CITY,Q3724,Jawa Barat,ID-JB,Q252,ID
Q5989,Tebing Tinggi,6715567,CITY,Q2140,Sumatera Utara,ID-SU,Q252,ID
Q7389,Tebo,,TOWN,Q2051,Jambi,ID-JA,Q252,ID
Q10705,Tegal,,TOWN,Q3557,Jawa Tengah,ID-JT,Q252,ID
Q11027,Tegal,1624494,CITY,Q3557,Jawa Tengah,ID-JT,Q252,ID
Q26819,Teluk Bintuni,,TOWN,Q5096,Papua Barat,ID-PB,Q252,ID
Q26827,Teluk Wondama,7910908,TOWN,Q5096,Papua Barat,ID-PB,Q252,ID
Q10979,Temanggung,,TOWN,Q3557,Jawa Tengah,ID-JT,Q252,ID
Q19151,Ternate,7910935,CITY,Q5094,Maluku Utara,ID-MU,Q252,ID
Q19153,Tidore Kepulauan,9845501,CITY,Q5094,Maluku Utara,ID-MU,Q252,ID
Q14151,Timor Tengah Selatan,,TOWN,Q5061,Nusa Tenggara Timur,ID-NT,Q252,ID
Q14146,Timor Tengah Utara,,TOWN,Q5061,Nusa Tenggara Timur,ID-NT,Q252,ID
Q5911,Toba Samosir,,TOWN,Q2140,Sumatera Utara,ID-SU,Q252,ID
Q15823,Tojo Una Una,,TOWN,Q5065,Sulawesi Tengah,ID-ST,Q252,ID
Q27802,Tolikara,,TOWN,Q5095,Papua,ID-PA,Q252,ID
Q15824,Tolitoli,,TOWN,Q5065,Sulawesi Tengah,ID-ST,Q252,ID
Q15848,Tomohon,1623446,CITY,Q5068,Sulawesi Utara,ID-SA,Q252,ID
Q14609,Toraja Utara,,TOWN,Q5078,Sulawesi Selatan,ID-SN,Q252,ID
Q11139,Trenggalek,1623251,TOWN,Q3586,Jawa Timur,ID-JI,Q252,ID
Q18975,Tual,1623197,CITY,Q5093,Maluku,ID-MA,Q252,ID
Q11141,Tuban,,TOWN,Q3586,Jawa Timur,ID-JI,Q252,ID
Q8151,Tulang Bawang,,TOWN,Q2110,Lampung,ID-LA,Q252,ID
Q8154,Tulang Bawang Barat,,TOWN,Q2110,Lampung,ID-LA,Q252,ID
Q11143,Tulungagung,1623080,TOWN,Q3586,Jawa Timur,ID-JI,Q252,ID
Q14633,Wajo,,TOWN,Q5078,Sulawesi Selatan,ID-SN,Q252,ID
Q15375,Wakatobi,,TOWN,Q5075,Sulawesi Tenggara,ID-SG,Q252,ID
Q27815,Waropen,,TOWN,Q5095,Papua,ID-PA,Q252,ID
Q8152,Way Kanan,,TOWN,Q2110,Lampung,ID-LA,Q252,ID
Q10981,Wonogiri,,TOWN,Q3557,Jawa Tengah,ID-JT,Q252,ID
Q11013,Wonosobo,1621395,TOWN,Q3557,Jawa Tengah,ID-JT,Q252,ID
Q27825,Yahukimo,,TOWN,Q5095,Papua,ID-PA,Q252,ID
Q27838,Yalimo,,TOWN,Q5095,Papua,ID-PA,Q252,ID
Q7568,Yogyakarta,1621177,CITY,Q3741,Yogyakarta,ID-YO,Q252,ID
