tahun,kantor_pelayanan,nama_provinsi,nama_kabupaten/kota,nama_kecamatan,keterangan ,alamat,no_telepon,lat,lon
2015,"Dinas Kependudukan dan Pencatatan Sipil  
Provinsi DKI Jakarta",PROVINSI DKI JAKARTA,,,Dinas,"Jl. S. Parman No, 7,
 Jakarta Barat",021-5662400,-6.171883,106.789647
2015,"Suku Dinas Kependudukan dan Pencatatan Sipil 
Kabupaten Administrasi Kepulauan Seribu",PROVINSI DKI JAKARTA,KAB.ADM.KEP.SERIBU,,Suku Dinas,,,,
2015,"Suku Dinas Kependudukan dan Pencatatan Sipil 
Kota Administrasi Jakarta Pusat",PROVINSI DKI JAKARTA,,,Suku Dinas,Jl. Tanah Abang I Blok B lt. 1,021-3852857,-6.201981,106.81626
2015,"Suku Dinas Kependudukan dan Pencatatan Sipil 
Kota Administrasi Jakarta Utara",PROVINSI DKI JAKARTA,,,Suku Dinas,Jl. Berdikari No. 2. ,"021-4357508,
021-4293035",-6.1239636,106.8946233
2015,"Suku Dinas Kependudukan dan Pencatatan Sipil 
Kota Administrasi Jakarta Barat",PROVINSI DKI JAKARTA,,,Suku Dinas,Jl. Meruya utara No. 5. Kembangan,021-58902657,-6.1954459,106.729763
2015,"Suku Dinas Kependudukan dan Pencatatan Sipil 
Kota Administrasi Jakarta Selatan",PROVINSI DKI JAKARTA,,,Suku Dinas,Jl. Radio Dalam V No. 1,"021-72801284,
021-72801285",-6.249716,106.7920774
2015,"Suku Dinas Kependudukan dan Pencatatan Sipil 
Kota Administrasi Jakarta Timur",PROVINSI DKI JAKARTA,,,Suku Dinas,Jl. Cipinang Besar Baru Raya No. 16,021-4895725,-6.226375,106.8627531
2015,Kecamatan kepulauan Seribu Utara,PROVINSI DKI JAKARTA,KAB.ADM.KEP.SERIBU,,Kecamatan,"Jl. Dermaga Perhubungan,  
Pulau Kelapa.",021-6817152,-6.3197728,106.8261292
2015,Kecamatan kepulauan Seribu Selatan,PROVINSI DKI JAKARTA,KAB.ADM.KEP.SERIBU,,Kecamatan,Jl. Pulo Tidung Besar,021-5409026,-6.2087634,106.845599
2015,Kecamatan  Gambir,PROVINSI DKI JAKARTA,JAKARTA PUSAT,,Kecamatan,Jl. Tanah Abang I No. 10,021-34834766,-6.1727399,106.8198066
2015,Kecamatan Sawah Besar,PROVINSI DKI JAKARTA,JAKARTA PUSAT,,Kecamatan,Jl. Karang Anyar Raya Utara,021-6280659,-6.1518285,106.8283992
2015,Kecamatan Kemayoran,PROVINSI DKI JAKARTA,JAKARTA PUSAT,,Kecamatan,Jl. Serdang III/1 Jakarta Pusat,021-4245017,-6.1568711,106.8648375
2015,Kecamatan Senen,PROVINSI DKI JAKARTA,JAKARTA PUSAT,,Kecamatan,Jl. Stasiun Senen No. 4,021-4210088,-6.1696144,106.8429026
2015,Kecamatan Cempaka Putih,PROVINSI DKI JAKARTA,JAKARTA PUSAT,,Kecamatan,"Jl.Rawa Kerbau III, Rawa Sari",021-4211583,-6.2087634,106.845599
2015,Kecamatan Menteng,PROVINSI DKI JAKARTA,JAKARTA PUSAT,,Kecamatan,Jl. Pegangsaan Barat No.14 ,021-31923505,-6.198883,106.840677
2015,Kecamatan Tanah Abang,PROVINSI DKI JAKARTA,JAKARTA PUSAT,,Kecamatan,Jl. K.H. Mas Mansyur No. 130,021-3106104,-6.1998478,106.8146468
2015,Kecamatan Johar Baru,PROVINSI DKI JAKARTA,JAKARTA PUSAT,,Kecamatan,Jl. Johar Baru Utara 1,021-4244245,-6.1825654,106.8592669
2015,Kecamatan Penjaringan,PROVINSI DKI JAKARTA,JAKARTA UTARA,,Kecamatan,"Jl. Pluit Raya No. 5, Penjaringan",021-6692051,-6.126814,106.798986
2015,Kecamatan Tanjung Priok,PROVINSI DKI JAKARTA,JAKARTA UTARA,,Kecamatan,Jl. Yos Sudarso No. 22 ,021-43935429,-6.1091022,106.8945368
2015,Kecamatan Koja,PROVINSI DKI JAKARTA,JAKARTA UTARA,,Kecamatan,"Jl. Mangga No.1, Lagoa, Koja",021-43930778,-6.1160336,106.910987
2015,Kecamatan Cilincing,PROVINSI DKI JAKARTA,JAKARTA UTARA,,Kecamatan,Jl. Sungai Landak No. 7 Cilincing ,021-44031791,-6.1214284,106.947666
2015,Kecamatan Pademangan,PROVINSI DKI JAKARTA,JAKARTA UTARA,,Kecamatan,JL. Budi Mulia Raya No. 1 ,021-6459958,-6.1321599,106.8406731
2015,Kecamatan Kelapa Gading,PROVINSI DKI JAKARTA,JAKARTA UTARA,,Kecamatan,Jl. Boulevard Timur No. 1 ,021-4501337,-6.1759126,106.8954297
2015,Kecamatan Cengkareng,PROVINSI DKI JAKARTA,JAKARTA BARAT,,Kecamatan,Jl. Kamal Raya No. 1,021-6192673,-6.1398695,106.7315956
2015,Kecamatan Grogol Petamburan,PROVINSI DKI JAKARTA,JAKARTA BARAT,,Kecamatan,Jl. Tanjung Duren Raya No. 2 ,021-5604330,-6.1785189,106.7834275
2015,Kecamatan Taman Sari,PROVINSI DKI JAKARTA,JAKARTA BARAT,,Kecamatan,Jl. Kemukus No. 2 Pinangsia,021-6904400,-6.134106,106.8149023
2015,Kecamatan Tambora,PROVINSI DKI JAKARTA,JAKARTA BARAT,,Kecamatan,Jl. Pangeran Tubagus Angke ,021-6310434,-6.143608,106.786702
2015,Kecamatan Kebon Jeruk,PROVINSI DKI JAKARTA,JAKARTA BARAT,,Kecamatan,Jl. Raya Kebon Jeruk No. 2,021-5306484,-6.222239,106.771771
2015,Kecamatan Kalideres,PROVINSI DKI JAKARTA,JAKARTA BARAT,,Kecamatan,Jl. Peta Utara No. 26,021-6198344,-6.134321,106.702129
2015,Kecamatan Palmerah,PROVINSI DKI JAKARTA,JAKARTA BARAT,,Kecamatan,Jl. H. Tafsir No. 2,021-5346563,-6.1980575,106.7878394
2015,Kecamatan Kembangan,PROVINSI DKI JAKARTA,JAKARTA BARAT,,Kecamatan,Komplek BTN No. 12 ,021-5814143,-6.40204,106.776714
2015,Kecamatan Tebet,PROVINSI DKI JAKARTA,JAKARTA SELATAN,,Kecamatan,Jl. Prof. Dr. Saharjo,021-8291407,-6.2087634,106.845599
2015,Kecamatan Setiabudi,PROVINSI DKI JAKARTA,JAKARTA SELATAN,,Kecamatan,Jl. Setiabudi Barat No. 8 K,021-5250156,-6.21845,106.832787
2015,Kecamatan Mampang Prapatan,PROVINSI DKI JAKARTA,JAKARTA SELATAN,,Kecamatan,Jl. Mampang Prapatan XI,021-79191442,-6.2500537,106.8299082
2015,Kecamatan Pasar Minggu,PROVINSI DKI JAKARTA,JAKARTA SELATAN,,Kecamatan,Jl. Raya Ragunan No. 16,021-7806296,-6.286334,106.841387
2015,Kecamatan Kebayoran Lama,PROVINSI DKI JAKARTA,JAKARTA SELATAN,,Kecamatan,Jl. Ciputat Raya No. 1 ,021-7208053,-6.2888461,106.7707331
2015,Kecamatan Cilandak,PROVINSI DKI JAKARTA,JAKARTA SELATAN,,Kecamatan,Jl. KH. Muhasyim Raya No. 1,021-7507232,-6.2892824,106.7905096
2015,Kecamatan Kebayoran Baru,PROVINSI DKI JAKARTA,JAKARTA SELATAN,,Kecamatan,Jl. Kerinci IX Blok E/1 ,021-7207341,-6.2379471,106.7882455
2015,Kecamatan Pancoran ,PROVINSI DKI JAKARTA,JAKARTA SELATAN,,Kecamatan,Jl. Pengadegan Timur II/2,021-7971180,-6.249008,106.8606889
2015,Kecamatan Jagakarsa,PROVINSI DKI JAKARTA,JAKARTA SELATAN,,Kecamatan,Jl. Sirsak No. 2 Jagakarsa,021-7270912,-6.334051,106.821708
2015,Kecamatan Pasanggrahan,PROVINSI DKI JAKARTA,JAKARTA SELATAN,,Kecamatan,Jl. Pesanggrahan Raya No. 2,021-7360821,-6.24959,106.70008
2015,Kecamatan Matraman,PROVINSI DKI JAKARTA,JAKARTA TIMUR,,Kecamatan,"Jl. Balai Rakyat Utan, Kayu Utara",021-8518204,-6.1969199,106.8693247
2015,Kecamatan Pulo Gadung,PROVINSI DKI JAKARTA,JAKARTA TIMUR,,Kecamatan,Jl. Raya Jatinegara Kaum,021-47881648,-6.2024971,106.9021705
2015,Kecamatan Jatinegara,PROVINSI DKI JAKARTA,JAKARTA TIMUR,,Kecamatan,Jl. TPU Kebon Nanas,021-8517473,-6.177967,106.8068851
2015,Kecamatan Kramat Jati,PROVINSI DKI JAKARTA,JAKARTA TIMUR,,Kecamatan,Jl. Raya Bogor Km. 20,021-8092783,-6.3837648,106.8670015
2015,Kecamatan Pasar Rebo,PROVINSI DKI JAKARTA,JAKARTA TIMUR,,Kecamatan,Jl. Raya Bogor Km 27,021-8711217,-6.3837648,106.8670015
2015,Kecamatan Cakung,PROVINSI DKI JAKARTA,JAKARTA TIMUR,,Kecamatan,Jl. Raya Bekasi Km. 23,021-4603754,-6.2047598,106.9054462
2015,Kecamatan Duren Sawit,PROVINSI DKI JAKARTA,JAKARTA TIMUR,,Kecamatan,Jl. Swadaya VII No. 1,021-8614110,-6.2318131,106.9173613
2015,Kecamatan Makasar,PROVINSI DKI JAKARTA,JAKARTA TIMUR,,Kecamatan,Jl. Lembur No. 1,021-8009613,-6.373041,106.929945
2015,Kecamatan Ciracas,PROVINSI DKI JAKARTA,JAKARTA TIMUR,,Kecamatan,Jl. Penganten Ali No. IX,021-8404067,-6.3265636,106.8822181
2015,Kecamatan Cipayung,PROVINSI DKI JAKARTA,JAKARTA TIMUR,,Kecamatan,Jl. Bina Marga. Jakarta Timur,021-8444636,-6.32566,106.8903465
2015,Kelurahan P. Panggang,PROVINSI DKI JAKARTA,KAB.ADM.KEP.SERIBU,KEP. SERIBU UTR,Kelurahan,Jl. Pulau Panggang,021-5401167,-6.1962143,106.9523501
2015,Kelurahan P. Kelapa,PROVINSI DKI JAKARTA,KAB.ADM.KEP.SERIBU,KEP. SERIBU UTR,Kelurahan,Jl. Pulau Kelapa,021-70763050,-6.1962143,106.9523501
2015,Kelurahan P. Harapan,PROVINSI DKI JAKARTA,KAB.ADM.KEP.SERIBU,KEP. SERIBU UTR,Kelurahan,Jl. Dermaga Utara,021-70761391,-6.1112489,106.9699236
2015,Kelurahan P. Untung Jawa,PROVINSI DKI JAKARTA,KAB.ADM.KEP.SERIBU,KEP. SERIBU SLT,Kelurahan,Jl. Pulau Utung Jawa,,-6.2087634,106.845599
2015,Kelurahan P. Tidung,PROVINSI DKI JAKARTA,KAB.ADM.KEP.SERIBU,KEP. SERIBU SLT,Kelurahan,Jl. Pulau Tidung Besar,021-5402268,-6.2087634,106.845599
2015,Kelurahan P. Pari,PROVINSI DKI JAKARTA,KAB.ADM.KEP.SERIBU,KEP. SERIBU SLT,Kelurahan,Jl. Pulau Pari,021-7063092,-6.1761316,106.7425511
2015,Kelurahan Gambir,PROVINSI DKI JAKARTA,JAKARTA PUSAT,GAMBIR,Kelurahan,Jl. Budi Kemulian No. 12,021-3505141 ,-6.1788341,106.8205576
2015,Kelurahan Cideng,PROVINSI DKI JAKARTA,JAKARTA PUSAT,GAMBIR,Kelurahan,Jl. Petojo Selatan IX,021-6329857,-6.1681463,106.809815
2015,Kelurahan Petojo Utara,PROVINSI DKI JAKARTA,JAKARTA PUSAT,GAMBIR,Kelurahan,Jl. Pembangunan 2,021-6342880,-6.1167615,106.8967209
2015,Kelurahan Petojo Selatam,PROVINSI DKI JAKARTA,JAKARTA PUSAT,GAMBIR,Kelurahan,Jl. Petojo Malintang No. 19,021-3862032,-6.1718866,106.8167757
2015,Kelurahan Kebon Kelapa,PROVINSI DKI JAKARTA,JAKARTA PUSAT,GAMBIR,Kelurahan,Jl. Batu Tulis VII/21,021-3522401,-6.1647331,106.8251222
2015,Kelurahan Duri Pulo,PROVINSI DKI JAKARTA,JAKARTA PUSAT,GAMBIR,Kelurahan,Jl. Petojo Barat V,,-6.1629895,106.8093947
2015,Kelurahan Pasar Baru,PROVINSI DKI JAKARTA,JAKARTA PUSAT,SAWAH BESAR,Kelurahan,Jl. Krekot Bunder Raya No. 50,021-3459460,-6.1594529,106.8319976
2015,Kelurahan Karang Anyar ,PROVINSI DKI JAKARTA,JAKARTA PUSAT,SAWAH BESAR,Kelurahan,Jl. B Raya RT.003/5,021-6291252,-6.115533,106.9002162
2015,Kelurahan Kartini,PROVINSI DKI JAKARTA,JAKARTA PUSAT,SAWAH BESAR,Kelurahan,Jl. Kartini Dalam III  No. 18 ,021-6291252,-6.1566597,106.8349741
2015,Kelurahan Gunung Sahari Utara,PROVINSI DKI JAKARTA,JAKARTA PUSAT,SAWAH BESAR,Kelurahan,Jl. Gunung Sahari VII A No. 30,021-62200474,-6.153789,106.837842
2015,Kelurahan Mangga Dua Selatan,PROVINSI DKI JAKARTA,JAKARTA PUSAT,SAWAH BESAR,Kelurahan,"Jl. Mangga Dua Dalam No. 1 
Ruko Mangga Dua Selatan",021-6293296,-6.1371491,106.8269648
2015,Kelurahan Kemayoran,PROVINSI DKI JAKARTA,JAKARTA PUSAT,KEMAYORAN,Kelurahan,Jl. Kepu Barat,021-4219661,-6.1653899,106.8436335
2015,Kelurahan kebon Kosong,PROVINSI DKI JAKARTA,JAKARTA PUSAT,KEMAYORAN,Kelurahan,Jl. Dakota V,021-4244825,-6.1544873,106.858814
2015,Kelurahan Harapan Mulia,PROVINSI DKI JAKARTA,JAKARTA PUSAT,KEMAYORAN,Kelurahan,Jl. Cempaka wangi II No. 17,021-4208792,-6.1681169,106.8559945
2015,Kelurahan Serdang,PROVINSI DKI JAKARTA,JAKARTA PUSAT,KEMAYORAN,Kelurahan,Jl. Bendungan Jago No. 11,021-4244247,-6.16448,106.861388
2015,Kelurahan Gunung Sahari Utara,PROVINSI DKI JAKARTA,JAKARTA PUSAT,KEMAYORAN,Kelurahan,Jl. Kran Jaya No.77,021-4214670,-6.1590113,106.8461046
2015,Kelurahan Cempaka Baru,PROVINSI DKI JAKARTA,JAKARTA PUSAT,KEMAYORAN,Kelurahan,Jl. Cempaka Baru II No. 1,021-4219661,-6.1701886,106.8608205
2015,Kelurahan Sumur Batu,PROVINSI DKI JAKARTA,JAKARTA PUSAT,KEMAYORAN,Kelurahan,Jl. Howitzer Raya No. 5/A,021-4214748,-6.1616145,106.8664431
2015,Kelurahan Utan Panjang,PROVINSI DKI JAKARTA,JAKARTA PUSAT,KEMAYORAN,Kelurahan,Jl. Bendungan Jago No. 49,021-4208454,-6.1622414,106.8582553
2015,Kelurahan Senen,PROVINSI DKI JAKARTA,JAKARTA PUSAT,SENEN,Kelurahan,Jl. Senen Dalam VI ,021-42873302,-6.1730144,106.8426229
2015,Kelurahan Kenari,PROVINSI DKI JAKARTA,JAKARTA PUSAT,SENEN,Kelurahan,Jl. Jambrut No. 12,021-3913686,-6.190704,106.846145
2015,Kelurahan Paseban,PROVINSI DKI JAKARTA,JAKARTA PUSAT,SENEN,Kelurahan,Jl. Kramat Sawah Baru,021-3905331,-6.1895167,106.8532458
2015,Kelurahan Kramat,PROVINSI DKI JAKARTA,JAKARTA PUSAT,SENEN,Kelurahan,Jl. Kramat Pulo,021-3909708,-6.1813389,106.8450253
2015,Kelurahan Kwitang,PROVINSI DKI JAKARTA,JAKARTA PUSAT,SENEN,Kelurahan,Jl. Kramat IV,021-3916510,-6.186152,106.842039
2015,Kelurahan Bungur,PROVINSI DKI JAKARTA,JAKARTA PUSAT,SENEN,Kelurahan,Jl. Kepu Timur Dalam,021-42885235,-6.1647952,106.8452218
2015,Kelurahan Cempakan Putih Timur,PROVINSI DKI JAKARTA,JAKARTA PUSAT,CEMPAKA PUTIH,Kelurahan,Jl. Cempaka Putih Tengah No. 13,021-4241386,-6.1792394,106.8665527
2015,Kelurahan Rawasari,PROVINSI DKI JAKARTA,JAKARTA PUSAT,CEMPAKA PUTIH,Kelurahan,Jl. Pramukasari ,021-4241656 ,-6.1916454,106.8650436
2015,Kelurahan Cempaka Putih Barat,PROVINSI DKI JAKARTA,JAKARTA PUSAT,CEMPAKA PUTIH,Kelurahan,Jl. Cempaka Putih Barat XIX,021-4209400,-6.1814142,106.8648867
2015,Kelurahan Menteng,PROVINSI DKI JAKARTA,JAKARTA PUSAT,MENTENG,Kelurahan,Jl. Anyer raya No.9,021-3141626,-6.203779,106.844605
2015,Kelurahan Pegangsaan,PROVINSI DKI JAKARTA,JAKARTA PUSAT,MENTENG,Kelurahan,Jl. Taman Amir Hamzah No. 1,021-3159508,-6.204847,106.849489
2015,Kelurahan Cikini,PROVINSI DKI JAKARTA,JAKARTA PUSAT,MENTENG,Kelurahan,Jl. Cikini No. 7,021-31923530,-6.1875314,106.8367228
2015,Kelurahan Gondangdia,PROVINSI DKI JAKARTA,JAKARTA PUSAT,MENTENG,Kelurahan,Jl. Jambu No. 2.A,021-3106333,-6.1903529,106.834626
2015,Kelurahan Kebon Sirih,PROVINSI DKI JAKARTA,JAKARTA PUSAT,MENTENG,Kelurahan,Jl. Jaksa No. 8,021-31935889,-6.18414,106.829217
2015,Kelurahan Gelora,PROVINSI DKI JAKARTA,JAKARTA PUSAT,TANAH ABANG,Kelurahan,Jl. Gerbang Pemuda No.1,021-5732465,-6.2140519,106.7982583
2015,Kelurahan Bendungan Hilir,PROVINSI DKI JAKARTA,JAKARTA PUSAT,TANAH ABANG,Kelurahan,Jl. Penjernihan I No. 29/B,021-5711866,-6.2011332,106.8108659
2015,Kelurahan Karet Tengsin,PROVINSI DKI JAKARTA,JAKARTA PUSAT,TANAH ABANG,Kelurahan,Jl. Karet Pasar Baru Barat VII/17,021-5703057,-6.2119193,106.8146121
2015,Kelurahan Petamburan,PROVINSI DKI JAKARTA,JAKARTA PUSAT,TANAH ABANG,Kelurahan,Jl. Petamburan II/60,021-53679869,-6.1930586,106.8068989
2015,Kelurahan Kebon Melati,PROVINSI DKI JAKARTA,JAKARTA PUSAT,TANAH ABANG,Kelurahan,Jl. Lontar raya No. 3,021-3144657,-6.1811375,106.7807401
2015,Kelurahan Kebon Kacang,PROVINSI DKI JAKARTA,JAKARTA PUSAT,TANAH ABANG,Kelurahan,Jl. K.H. Mas Mansyur No.30,021-3924436,-6.191079,106.814752
2015,Kelurahan Kampung Bali,PROVINSI DKI JAKARTA,JAKARTA PUSAT,TANAH ABANG,Kelurahan,Jl. Kampung Bali V/B, 021-3927391,-6.1842798,106.8181065
2015,Kelurahan Johar Baru,PROVINSI DKI JAKARTA,JAKARTA PUSAT,JOHAR BARU,Kelurahan,Jl. Johar Baru Utara III,021-4244245,-6.1838625,106.8572438
2015,Kelurahan Kampung Rawa,PROVINSI DKI JAKARTA,JAKARTA PUSAT,JOHAR BARU,Kelurahan,Jl. Rawa Selatan III No. 39,021-4228788,-6.1804838,106.8589654
2015,Kelurahan Galur,PROVINSI DKI JAKARTA,JAKARTA PUSAT,JOHAR BARU,Kelurahan,Jl. Galur Jaya,021-42285555,-6.1763352,106.8545156
2015,Kelurahan Tanah Tinggi,PROVINSI DKI JAKARTA,JAKARTA PUSAT,JOHAR BARU,Kelurahan,Jl. Kramat pulo Gundul,021-4206200,-6.1836449,106.8490552
2015,Kelurahan Penjaringan,PROVINSI DKI JAKARTA,JAKARTA UTARA,PENJARINGAN,Kelurahan,Jl. Pluit Selatan Raya No. 8, 021-66603975,-6.124768,106.792711
2015,Kelurahan Kamal Muara,PROVINSI DKI JAKARTA,JAKARTA UTARA,PENJARINGAN,Kelurahan,Jl. Kamal Muara Raya No. 8,021-5550302,-6.113722,106.725076
2015,Kelurahan Kapuk Muara,PROVINSI DKI JAKARTA,JAKARTA UTARA,PENJARINGAN,Kelurahan,Jl. SMP 122,021-6192425,-6.1359653,106.7638322
2015,Kelurahan Pejagalan,PROVINSI DKI JAKARTA,JAKARTA UTARA,PENJARINGAN,Kelurahan,"Jl. Boncel I No. 1, Teluk Gong",021-6694091,-6.2087634,106.845599
2015,Kelurahan Pluit,PROVINSI DKI JAKARTA,JAKARTA UTARA,PENJARINGAN,Kelurahan,Jl. Pluit Raya No.5,021-6603729,-6.126814,106.798986
2015,Kelurahan Tanjung Priok,PROVINSI DKI JAKARTA,JAKARTA UTARA,TANJUNG PRIOK,Kelurahan,Jl. Tenggiri No. 47,021-4371702,-6.1985761,106.892194
2015,Kelurahan Sunter Jaya,PROVINSI DKI JAKARTA,JAKARTA UTARA,TANJUNG PRIOK,Kelurahan,Jl. Bantengan VI,021-6506000,-6.1501036,106.8676351
2015,Kelurahan Papanggo,PROVINSI DKI JAKARTA,JAKARTA UTARA,TANJUNG PRIOK,Kelurahan,Jl. Bisma Timur II/1,021-65300278,-6.2087634,106.845599
2015,Kelurahan Sungai Bambu,PROVINSI DKI JAKARTA,JAKARTA UTARA,TANJUNG PRIOK,Kelurahan,Jl. Ganggang Terubus  No. 16,021-65300278,-6.2087634,106.845599
2015,Kelurahan Kebon Bawang,PROVINSI DKI JAKARTA,JAKARTA UTARA,TANJUNG PRIOK,Kelurahan,Jl. Swasembada Timur 1,021-43930832,-6.126938,106.8913623
2015,Kelurahan Sunter Agung,PROVINSI DKI JAKARTA,JAKARTA UTARA,TANJUNG PRIOK,Kelurahan,Jl. Sunter Karya Utara Blok G/1,021-6459933,-6.1394231,106.8719648
2015,Kelurahan Warakas,PROVINSI DKI JAKARTA,JAKARTA UTARA,TANJUNG PRIOK,Kelurahan,Jl. Warakas III,021-4371704,-6.1192592,106.8772616
2015,Kelurahan Koja,PROVINSI DKI JAKARTA,JAKARTA UTARA,KOJA,Kelurahan,Jl. Deli No. 43,021-43931927,-6.110189,106.899376
2015,Kelurahan Tugu Utara,PROVINSI DKI JAKARTA,JAKARTA UTARA,KOJA,Kelurahan,Jl. Mahoni Selatan No. 1,021-4371708,-6.123516,106.913272
2015,Kelurahan Lagoa,PROVINSI DKI JAKARTA,JAKARTA UTARA,KOJA,Kelurahan,Jl. Mangga No. 7,021-43930187,-6.1219352,106.9106131
2015,Kelurahan Rawa Badak Utara,PROVINSI DKI JAKARTA,JAKARTA UTARA,KOJA,Kelurahan,Jl. Alur Laut Utara No. 1,021-43930174,-6.1217397,106.899175
2015,Kelurahan Tugu Selatan,PROVINSI DKI JAKARTA,JAKARTA UTARA,KOJA,Kelurahan,Jl. Bendungan Melayu Utara,021-4301555,-6.1318073,106.9059674
2015,Kelurahan Rawa Badak Selatan,PROVINSI DKI JAKARTA,JAKARTA UTARA,KOJA,Kelurahan,Jl. Alur Laut No.7,021-43900417,-6.122358,106.899387
2015,Kelurahan Cilincing,PROVINSI DKI JAKARTA,JAKARTA UTARA,CILINCING,Kelurahan,Jl.Cilincing Bakti V,021-4416260,-6.1078295,106.9365804
2015,Kelurahan Sukapura,PROVINSI DKI JAKARTA,JAKARTA UTARA,CILINCING,Kelurahan,Jl. Tipar Cakung No. 17, 021-4402618,-6.1711487,106.935405
2015,Kelurahan Marunda,PROVINSI DKI JAKARTA,JAKARTA UTARA,CILINCING,Kelurahan,Jl. Marunda Baru No. 5,021-44851565,-6.1247809,106.958617
2015,Kelurahan Kali Baru,PROVINSI DKI JAKARTA,JAKARTA UTARA,CILINCING,Kelurahan,Jl. Kalibaru No.80,021-4401884,-6.1683127,106.8483207
2015,Kelurahan Semper Timur,PROVINSI DKI JAKARTA,JAKARTA UTARA,CILINCING,Kelurahan,Jl. Kebatenan No. 20,021-44850556,-6.116004,106.928109
2015,Kelurahan Rorotan,PROVINSI DKI JAKARTA,JAKARTA UTARA,CILINCING,Kelurahan,Jl. Komp. Pem. Kebakaran No.1,021-4400808,-6.2087634,106.845599
2015,Kelurahan Semper Barat,PROVINSI DKI JAKARTA,JAKARTA UTARA,CILINCING,Kelurahan,Jl. Komp. Pem. Kebakaran No.1,021-4400808,-6.2087634,106.845599
2015,Kelurahan Pademangan Timur,PROVINSI DKI JAKARTA,JAKARTA UTARA,PADEMANGAN,Kelurahan,Jl. Pademangan III Gg. IX No. 1,021-6414522,-6.140313,106.8414336
2015,Kelurahan Pademangan Barat,PROVINSI DKI JAKARTA,JAKARTA UTARA,PADEMANGAN,Kelurahan,Jl. Budi Mulya Raya,021-64712283,-6.1311638,106.8406235
2015,Kelurahan Ancol,PROVINSI DKI JAKARTA,JAKARTA UTARA,PADEMANGAN,Kelurahan,Jl. Ancol Barat VI,021-6925911,-6.1228577,106.8219486
2015,Kelurahan Kelapa Gading Timur,PROVINSI DKI JAKARTA,JAKARTA UTARA,KELAPA GADING,Kelurahan,Jl. Komp. Perum. PT HIT,021-452776,-6.2087634,106.845599
2015,Kelurahan Pegangsaan Dua,PROVINSI DKI JAKARTA,JAKARTA UTARA,KELAPA GADING,Kelurahan,Jl. Raya Kelapa Nias Blok PA No.3/8,021-45841273,-6.154458,106.910009
2015,Kelurahan Kelapa Gading Barat,PROVINSI DKI JAKARTA,JAKARTA UTARA,KELAPA GADING,Kelurahan,Jl. Tabah I No. 4,021-4503169,-6.1644666,106.8822591
2015,Kelurahan Cengkareng Barat,PROVINSI DKI JAKARTA,JAKARTA BARAT,CENGKARENG,Kelurahan,Jl. Utama Raya No. 1,021-6190223,-6.2356801,106.9016965
2015,Kelurahan Duri Kosambi,PROVINSI DKI JAKARTA,JAKARTA BARAT,CENGKARENG,Kelurahan,Jl. Raya Duri kosambi Raya,021-6193045,-6.1714332,106.7222092
2015,Kelurahan Rawa Buaya,PROVINSI DKI JAKARTA,JAKARTA BARAT,CENGKARENG,Kelurahan,Jl. Bojong Raya,021-6193203,-6.1651248,106.7331245
2015,Kelurahan Kedaung Kali Angke,PROVINSI DKI JAKARTA,JAKARTA BARAT,CENGKARENG,Kelurahan,Jl. Tawang Mangu No.8,021-6191359,-6.149633,106.761954
2015,Kelurahan Kapuk,PROVINSI DKI JAKARTA,JAKARTA BARAT,CENGKARENG,Kelurahan,Jl. Kapuk Raya No. 1,021-6191876,-6.137809,106.760649
2015,Kelurahan Cengkareng Timur,PROVINSI DKI JAKARTA,JAKARTA BARAT,CENGKARENG,Kelurahan,Jl. Fajar Baru Utara,021-6178529 ,-6.1462014,106.7344646
2015,Kelurahan Grogol,PROVINSI DKI JAKARTA,JAKARTA BARAT,GROGOL PETAMBURAN,Kelurahan,Jl. Nurdin Raya No. 41/3 Grogo,021-5684976,-6.160871,106.796048
2015,Kelurahan Tanjung Duren Utara,PROVINSI DKI JAKARTA,JAKARTA BARAT,GROGOL PETAMBURAN,Kelurahan,Jl. Tanjung Duren ,021-5671743,-6.1800455,106.7836822
2015,Kelurahan Tomang,PROVINSI DKI JAKARTA,JAKARTA BARAT,GROGOL PETAMBURAN,Kelurahan,Jl. Gelong Baru Ray,021-5671744,-6.176642,106.7972735
2015,Kelurahan Jelambar,PROVINSI DKI JAKARTA,JAKARTA BARAT,GROGOL PETAMBURAN,Kelurahan,Jl. Hadiah Blok F VIII,021-5684003,-6.1589301,106.7803573
2015,Kelurahan Tanjung Duren Selatan,PROVINSI DKI JAKARTA,JAKARTA BARAT,GROGOL PETAMBURAN,Kelurahan,Jl. Tanjung Duren Timur VI,021-5632791,-6.1821621,106.7855418
2015,Kelurahan Jelambar Baru,PROVINSI DKI JAKARTA,JAKARTA BARAT,GROGOL PETAMBURAN,Kelurahan,Jl. Taman Duta Mas Blok A3,021-5668923,-6.1502822,106.7773728
2015,Kelurahan Wijaya Kusuma,PROVINSI DKI JAKARTA,JAKARTA BARAT,GROGOL PETAMBURAN,Kelurahan,Jl. Perdana I No. 2,021-56963016,-6.1747106,106.9487179
2015,Kelurahan Taman Sari,PROVINSI DKI JAKARTA,JAKARTA BARAT,TAMAN SARI,Kelurahan,Jl. Mangga besar IV No. 7,021-6396087,-6.152039,106.823418
2015,Kelurahan Krukut,PROVINSI DKI JAKARTA,JAKARTA BARAT,TAMAN SARI,Kelurahan,"Jl. Keutamaan No, 59",021-63854384,-6.155564,106.815924
2015,Kelurahan Maphar,PROVINSI DKI JAKARTA,JAKARTA BARAT,TAMAN SARI,Kelurahan,Jl. Kebon Jeruk XVI No.2,021-6292486,-6.155222,106.819415
2015,Kelurahan Tangki,PROVINSI DKI JAKARTA,JAKARTA BARAT,TAMAN SARI,Kelurahan,Jl. Dalam THR Lokasar,021-6285043,-6.2087634,106.845599
2015,Kelurahan Mangga Besar,PROVINSI DKI JAKARTA,JAKARTA BARAT,TAMAN SARI,Kelurahan,Jl. Mangga Besar III No. 1,021-6297674,-6.148473,106.81899
2015,Kelurahan Keagungan,PROVINSI DKI JAKARTA,JAKARTA BARAT,TAMAN SARI,Kelurahan,Jl. Keagungan No.57/59,021-6296844,-6.1508005,106.8130223
2015,Kelurahan Glodok,PROVINSI DKI JAKARTA,JAKARTA BARAT,TAMAN SARI,Kelurahan,Jl. Keadilan I No. 1,021-6296843,-6.146248,106.812626
2015,Kelurahan Pinangsia,PROVINSI DKI JAKARTA,JAKARTA BARAT,TAMAN SARI,Kelurahan,Jl. Mangga Dua III/111,021-6012530,-6.2087634,106.845599
2015,Kelurahan Tambora,PROVINSI DKI JAKARTA,JAKARTA BARAT,TAMBORA,Kelurahan,Jl. Tambora III No. 8,021-63850137,-6.1463548,106.8075367
2015,Kelurahan Kali Anyar,PROVINSI DKI JAKARTA,JAKARTA BARAT,TAMBORA,Kelurahan,Jl. Kali Anyar IV/10,021-6313217,-6.156589,106.800058
2015,Kelurahan Duri Utara,PROVINSI DKI JAKARTA,JAKARTA BARAT,TAMBORA,Kelurahan,Jl. Duri Utara No. 22,021-6391096,-6.154875,106.801782
2015,Kelurahan Tanah Sereal,PROVINSI DKI JAKARTA,JAKARTA BARAT,TAMBORA,Kelurahan,Jl. Tanah Sereal XVIII/65a,021-6390644,-6.152468,106.810289
2015,Kelurahan Kerendang,PROVINSI DKI JAKARTA,JAKARTA BARAT,TAMBORA,Kelurahan,Jl. Krendang Utara No. 5,021-6313661,-6.1481216,106.8016337
2015,Kelurahan Jembatan besi,PROVINSI DKI JAKARTA,JAKARTA BARAT,TAMBORA,Kelurahan,Jl. Jembatan Besi VIII No.1,021-6310743,-6.154214,106.798023
2015,Kelurahan Angke,PROVINSI DKI JAKARTA,JAKARTA BARAT,TAMBORA,Kelurahan,Jl. Angke Jaya No. 30, 021-6342578,-6.1451584,106.7973395
2015,Kelurahan Jembatan Lima,PROVINSI DKI JAKARTA,JAKARTA BARAT,TAMBORA,Kelurahan,Jl. St. Angke Gg. Bdg 134,021-6339829,-6.2087634,106.845599
2015,Kelurahan Pekojan,PROVINSI DKI JAKARTA,JAKARTA BARAT,TAMBORA,Kelurahan,Jl. Pekojan III/97,021-6915992,-6.1397943,106.8005439
2015,Kelurahan Roa Malaka,PROVINSI DKI JAKARTA,JAKARTA BARAT,TAMBORA,Kelurahan,Jl. Tiang Bendera,021-6925765,-6.1316263,106.8089906
2015,Kelurahan Duri Selatan,PROVINSI DKI JAKARTA,JAKARTA BARAT,TAMBORA,Kelurahan,Jl. Duri Selatan VII No. 9,021-6302371,-6.1617133,106.8051489
2015,Kelurahan Kebon Jeruk,PROVINSI DKI JAKARTA,JAKARTA BARAT,KEBON JERUK,Kelurahan,Jl. Perum Kebon Jeruk Blk. B,021-5481474,-6.2087634,106.845599
2015,Kelurahan Sukabumi Utara,PROVINSI DKI JAKARTA,JAKARTA BARAT,KEBON JERUK,Kelurahan,Jl. Madrasah III No. 2,021-5481533,-6.2267565,106.920323
2015,Kelurahan Sukabumi Selatan,PROVINSI DKI JAKARTA,JAKARTA BARAT,KEBON JERUK,Kelurahan,Jl. Raya Sukabumi Selatan ,021-5481925,-6.2187003,106.7709081
2015,Kelurahan Kelapa Dua,PROVINSI DKI JAKARTA,JAKARTA BARAT,KEBON JERUK,Kelurahan,Jl. Raya Kelapa Dua,021-5647316,-6.2103536,106.7697149
2015,Kelurahan Duri Kepa,PROVINSI DKI JAKARTA,JAKARTA BARAT,KEBON JERUK,Kelurahan,Jl. Raya Duri Kepa,021-5647316,-6.177939,106.779111
2015,Kelurahan Kedoya Utara,PROVINSI DKI JAKARTA,JAKARTA BARAT,KEBON JERUK,Kelurahan,Jl. Ratu Flamboyan Raya,021-5647316,-6.1713222,106.768499
2015,Kelurahan Kedoya Selatan,PROVINSI DKI JAKARTA,JAKARTA BARAT,KEBON JERUK,Kelurahan,Jl. Raya Kedoya,021-5802133,-6.2176542,106.8661502
2015,Kelurahan Kalideres,PROVINSI DKI JAKARTA,JAKARTA BARAT,KALI DERES,Kelurahan,Jl. Perum. Citra I Blok G VI,021-5447657,-6.2087634,106.845599
2015,Kelurahan Semanan,PROVINSI DKI JAKARTA,JAKARTA BARAT,KALI DERES,Kelurahan,Jl. Raya Semanan,021-6191987,-6.1606506,106.7047371
2015,Kelurahan Tegal Alur,PROVINSI DKI JAKARTA,JAKARTA BARAT,KALI DERES,Kelurahan,Jl. Kamal Raya,021-5558057,-6.1191522,106.7194402
2015,Kelurahan Kamal,PROVINSI DKI JAKARTA,JAKARTA BARAT,KALI DERES,Kelurahan,Jl. Benda Raya No. 5,021-5550921,-6.1064386,106.7018427
2015,Kelurahan Pegadungan,PROVINSI DKI JAKARTA,JAKARTA BARAT,KALI DERES,Kelurahan,Jl. Peta Utara No. 1, 021-6190467,-6.135347,106.70286
2015,Kelurahan Palmerah,PROVINSI DKI JAKARTA,JAKARTA BARAT,PALMERAH,Kelurahan,Jl. Komplek Serdang No. 2,021-5490872,-6.160359,106.8638103
2015,Kelurahan Slipi,PROVINSI DKI JAKARTA,JAKARTA BARAT,PALMERAH,Kelurahan,Jl. KS. Tubun III Dalam,021-5481110,-6.1940133,106.8035513
2015,Kelurahan Kota Bambu Utara,PROVINSI DKI JAKARTA,JAKARTA BARAT,PALMERAH,Kelurahan,Jl. Kota Bambu Utara II,021-5638671,-6.1847305,106.8055346
2015,Kelurahan Jatipulo,PROVINSI DKI JAKARTA,JAKARTA BARAT,PALMERAH,Kelurahan,Jl. Turi No. 30,021-5671745,-6.325347,106.8425029
2015,Kelurahan Kemanggisan,PROVINSI DKI JAKARTA,JAKARTA BARAT,PALMERAH,Kelurahan,Jl. Kemanggisan Ilir I No. 2,021-5482206,-6.192418,106.786695
2015,Kelurahan Kota Bambu Selatan,PROVINSI DKI JAKARTA,JAKARTA BARAT,PALMERAH,Kelurahan,Jl. H. Saaman No. 41,021-5655866,-6.3460761,106.8066534
2015,Kelurahan Kembangan Utara,PROVINSI DKI JAKARTA,JAKARTA BARAT,KEMBANGAN,Kelurahan,"Jl. H Saanan, Jakarta Barat",021-5823750,-6.1790501,106.7355502
2015,Kelurahan Meruya Utara,PROVINSI DKI JAKARTA,JAKARTA BARAT,KEMBANGAN,Kelurahan,Jl. Taman Aries C. 6/1,021-5858934,-6.1912047,106.7534607
2015,Kelurahan Meruya Selatan,PROVINSI DKI JAKARTA,JAKARTA BARAT,KEMBANGAN,Kelurahan,Jl. Raya Meruya Selatan,021-5840796,-6.2093014,106.7380166
2015,Kelurahan Srengseng,PROVINSI DKI JAKARTA,JAKARTA BARAT,KEMBANGAN,Kelurahan,Jl. Raya Srengseng,021-5840808,-6.3462843,106.8246896
2015,Kelurahan Joglo,PROVINSI DKI JAKARTA,JAKARTA BARAT,KEMBANGAN,Kelurahan,Jl. Raya joglo No. 1,021-5842901,-6.220849,106.741092
2015,Kelurahan Kembangan Selatan,PROVINSI DKI JAKARTA,JAKARTA BARAT,KEMBANGAN,Kelurahan,Jl. Raya kembangan No. 2,021-5815342,-6.1766456,106.7446906
2015,Kelurahan Tebet Timur,PROVINSI DKI JAKARTA,JAKARTA SELATAN,TEBET,Kelurahan,Jl. Tebet Timur Dalam III/M,021-8303559,-6.227848,106.8583029
2015,Kelurahan Tebet Barat,PROVINSI DKI JAKARTA,JAKARTA SELATAN,TEBET,Kelurahan,Jl. Tebet Barat IV,021-8292421,-6.2339946,106.8485135
2015,Kelurahan Menteng Dalam,PROVINSI DKI JAKARTA,JAKARTA SELATAN,TEBET,Kelurahan,Jl. Rasamala Raya,021-8292421,-6.2364826,106.840252
2015,Kelurahan Kobon Baru,PROVINSI DKI JAKARTA,JAKARTA SELATAN,TEBET,Kelurahan,Jl. Asem Paris Raya,021-8294447,-6.2342942,106.8600052
2015,Kelurahan Bukit Duri,PROVINSI DKI JAKARTA,JAKARTA SELATAN,TEBET,Kelurahan,Jl. Kp. Melayu kecil II,021-8305311,-6.2218665,106.8636428
2015,Kelurahan Manggarai Selatan,PROVINSI DKI JAKARTA,JAKARTA SELATAN,TEBET,Kelurahan,Jl. Rambutan No. 4/D,021-8303560,-6.191595,106.870768
2015,Kelurahan Manggarai,PROVINSI DKI JAKARTA,JAKARTA SELATAN,TEBET,Kelurahan,Jl. Menara Air I,021-8305006,-6.2183395,106.8505603
2015,Kelurahan Setia Budi,PROVINSI DKI JAKARTA,JAKARTA SELATAN,SETIA BUDI,Kelurahan,Jl. Jend. Sudirman 13 A,021-5731814,-6.3401036,106.8518057
2015,Kelurahan Karet Semanggi,PROVINSI DKI JAKARTA,JAKARTA SELATAN,SETIA BUDI,Kelurahan,Jl. Garnisun No. 1,021-5722241,-6.2191045,106.8164598
2015,Kelurahan Karet Kuningan,PROVINSI DKI JAKARTA,JAKARTA SELATAN,SETIA BUDI,Kelurahan,Jl. Anggrek IV,021-5273653,-6.2188214,106.8253792
2015,Kelurahan Karet,PROVINSI DKI JAKARTA,JAKARTA SELATAN,SETIA BUDI,Kelurahan,Jl. Karet Karya No. 1,021-5254628,-6.2120794,106.8254459
2015,Kelurahan Menteng Atas,PROVINSI DKI JAKARTA,JAKARTA SELATAN,SETIA BUDI,Kelurahan,Jl. Menteng Pulo,,-6.2214221,106.8420305
2015,Kelurahan Pasar Manggis,PROVINSI DKI JAKARTA,JAKARTA SELATAN,SETIA BUDI,Kelurahan,Jl. Bogor Lama No. 121,021-8319683,-6.2087634,106.845599
2015,Kelurahan Guntur,PROVINSI DKI JAKARTA,JAKARTA SELATAN,SETIA BUDI,Kelurahan,Jl. Perahu No. 2,021-8319684,-6.2841215,106.9559885
2015,Kelurahan Kuningan Timur,PROVINSI DKI JAKARTA,JAKARTA SELATAN,SETIA BUDI,Kelurahan,Jl. Mega Kuningan Barat III,021-5253868,-6.2314463,106.8255889
2015,Kelurahan Mampang Prapatan,PROVINSI DKI JAKARTA,JAKARTA SELATAN,MAMPANG PRAPATAN,Kelurahan,Jl. Mampang Prapatan IV Gg. M,021-7991338,-6.2453941,106.828921
2015,Kelurahan Bangka,PROVINSI DKI JAKARTA,JAKARTA SELATAN,MAMPANG PRAPATAN,Kelurahan,Jl. Kemang Timur No1,021-7990012,-6.258255,106.823146
2015,Kelurahan Pela Mampang,PROVINSI DKI JAKARTA,JAKARTA SELATAN,MAMPANG PRAPATAN,Kelurahan,Jl. Bangka IX Ujung,021-7992464,-6.2087634,106.845599
2015,Kelurahan Tegal Parang,PROVINSI DKI JAKARTA,JAKARTA SELATAN,MAMPANG PRAPATAN,Kelurahan,Jl. Tegal Parang Selatan XI,021-7974974,-6.2493605,106.8345601
2015,Kelurahan Kuningan Barat,PROVINSI DKI JAKARTA,JAKARTA SELATAN,MAMPANG PRAPATAN,Kelurahan,Jl. Kuningan Barat ,021-5256717,-6.2370987,106.8236814
2015,Kelurahan Pasar Minggu,PROVINSI DKI JAKARTA,JAKARTA SELATAN,PASAR MINGGU,Kelurahan,Jl. Raya Ragunan No. 2,021-7805712,-6.285645,106.842481
2015,Kelurahan Jati Padang,PROVINSI DKI JAKARTA,JAKARTA SELATAN,PASAR MINGGU,Kelurahan,Jl. Ragunan,021-7805715,-6.285406,106.8418137
2015,Kelurahan Cilandak Timur,PROVINSI DKI JAKARTA,JAKARTA SELATAN,PASAR MINGGU,Kelurahan,Jl. Bhakti No. 48,021-7891556,-6.307164,106.812966
2015,Kelurahan Ragunan,PROVINSI DKI JAKARTA,JAKARTA SELATAN,PASAR MINGGU,Kelurahan,Jl. Saco No. 1,021-7891556,-6.3052289,106.8181978
2015,Kelurahan Pejaten Timur,PROVINSI DKI JAKARTA,JAKARTA SELATAN,PASAR MINGGU,Kelurahan,Jl. Swadaya V,021-7806188,-6.1684164,106.8653212
2015,Kelurahan Pejaten Timur,PROVINSI DKI JAKARTA,JAKARTA SELATAN,PASAR MINGGU,Kelurahan,Jl. Siaga Raya,021-7987689,-6.2707308,106.8378798
2015,Kelurahan Kebagusan,PROVINSI DKI JAKARTA,JAKARTA SELATAN,PASAR MINGGU,Kelurahan,Jl. Kebagusan IV,021-78833689,-6.3169236,106.82858
2015,Kelurahan Kebayoran Lama Utara,PROVINSI DKI JAKARTA,JAKARTA SELATAN,KEBAYORAN LAMA,Kelurahan,Jl. Ciputat Raya No.1A,021-7222816,-6.2768813,106.7729389
2015,Kelurahan Pondok Pinang,PROVINSI DKI JAKARTA,JAKARTA SELATAN,KEBAYORAN LAMA,Kelurahan,Jl. Ciputat Raya No. 1,021-7690914,-6.2888461,106.7707331
2015,Kelurahan Cipulir,PROVINSI DKI JAKARTA,JAKARTA SELATAN,KEBAYORAN LAMA,Kelurahan,Jl. Samudra. 1,021-7222353,-6.1175085,106.8716916
2015,Kelurahan Grogol Utara,PROVINSI DKI JAKARTA,JAKARTA SELATAN,KEBAYORAN LAMA,Kelurahan,Jl. kemandoran 1/99,021-5480785,-6.2109404,106.7893111
2015,Kelurahan Grogol Selatan,PROVINSI DKI JAKARTA,JAKARTA SELATAN,KEBAYORAN LAMA,Kelurahan,Jl. Kubur Islam,021-7210317,-6.231272,106.782625
2015,Kelurahan Kebayoran Lama Selatan,PROVINSI DKI JAKARTA,JAKARTA SELATAN,KEBAYORAN LAMA,Kelurahan,Jl. Palem,021-7692042,-6.1235152,106.9119039
2015,Kelurahan Cilandak Barat,PROVINSI DKI JAKARTA,JAKARTA SELATAN,CILANDAK,Kelurahan,Jl. Terogong Raya,021-7512656,-6.2823712,106.7917852
2015,Kelurahan Lebak Bulus,PROVINSI DKI JAKARTA,JAKARTA SELATAN,CILANDAK,Kelurahan,Jl. Manunggal Jaya,021-7513421,-6.3040866,106.7854715
2015,Kelurahan Pondok Labu,PROVINSI DKI JAKARTA,JAKARTA SELATAN,CILANDAK,Kelurahan,Jl. Swakarya Bawah,021-7690032,-6.3049627,106.7986352
2015,Kelurahan Gandaria Selatan,PROVINSI DKI JAKARTA,JAKARTA SELATAN,CILANDAK,Kelurahan,Jl. Mangga No. 28,021-7691751,-6.1131446,106.9110563
2015,Kelurahan Cipete Selatan,PROVINSI DKI JAKARTA,JAKARTA SELATAN,CILANDAK,Kelurahan,Jl. Bungur Raya No. 1,021-7209824,-6.318018,106.885488
2015,Kelurahan Melawai,PROVINSI DKI JAKARTA,JAKARTA SELATAN,KEBAYORAN BARU,Kelurahan,Jl. Wijaya IX No.4,021-72790654,-6.2475539,106.8023003
2015,Kelurahan Gunung,PROVINSI DKI JAKARTA,JAKARTA SELATAN,KEBAYORAN BARU,Kelurahan,Jl. Bujana Dalam  No. 7,021-7245537,-6.23467,106.7883219
2015,Kelurahan Kramat Pela,PROVINSI DKI JAKARTA,JAKARTA SELATAN,KEBAYORAN BARU,Kelurahan,Jl. Gandaria Tengah V No. 2,021-7245537,-6.2443695,106.7901535
2015,Kelurahan Selong,PROVINSI DKI JAKARTA,JAKARTA SELATAN,KEBAYORAN BARU,Kelurahan,Jl. Bhakti Gg. Imo No. 1,021-5260936,-6.3473642,106.8089173
2015,Kelurahan Rawa Badak,PROVINSI DKI JAKARTA,JAKARTA SELATAN,KEBAYORAN BARU,Kelurahan,Jl. Senayan  No. 30,021-7222409,-6.23809,106.816054
2015,Kelurahan Senayan,PROVINSI DKI JAKARTA,JAKARTA SELATAN,KEBAYORAN BARU,Kelurahan,Jl. Tulodong Bawah V,,-6.2294079,106.8113943
2015,Kelurahan Pulo,PROVINSI DKI JAKARTA,JAKARTA SELATAN,KEBAYORAN BARU,Kelurahan,Jl. Prapanca Raya No. 5,021-7207449,-6.25576,106.806775
2015,Kelurahan Petogogan,PROVINSI DKI JAKARTA,JAKARTA SELATAN,KEBAYORAN BARU,Kelurahan,Jl. Wijaya Timur No.1,021-72790654,-6.244339,106.813576
2015,Kelurahan Gandaria Utara,PROVINSI DKI JAKARTA,JAKARTA SELATAN,KEBAYORAN BARU,Kelurahan,Jl. Taman Radio Dalam V,021-7208566,-6.2555625,106.7889894
2015,Kelurahan Cipete Utara,PROVINSI DKI JAKARTA,JAKARTA SELATAN,KEBAYORAN BARU,Kelurahan,Jl. Bungur Raya No. 1,021-7209824,-6.318018,106.885488
2015,Kelurahan Pancoran,PROVINSI DKI JAKARTA,JAKARTA SELATAN,PANCORAN,Kelurahan,Jl. Pancoran Barat II No. 55,021-7994107,-6.249405,106.8397725
2015,Kelurahan Kalibata,PROVINSI DKI JAKARTA,JAKARTA SELATAN,PANCORAN,Kelurahan,Jl. Kalibata Timur IV,021-7995563,-6.2606719,106.8468985
2015,Kelurahan Rawajati,PROVINSI DKI JAKARTA,JAKARTA SELATAN,PANCORAN,Kelurahan,Jl. Rawajati Barat,021-7996204,-6.2589043,106.8533962
2015,Kelurahan Duren Tiga,PROVINSI DKI JAKARTA,JAKARTA SELATAN,PANCORAN,Kelurahan,Jl. Minyak I,021-7992718,-6.2559708,106.8365305
2015,Kelurahan Pengadegan,PROVINSI DKI JAKARTA,JAKARTA SELATAN,PANCORAN,Kelurahan,Jl. Pangadengan Timur I,021-7970707,-6.2508113,106.8594471
2015,Kelurahan Cikoko,PROVINSI DKI JAKARTA,JAKARTA SELATAN,PANCORAN,Kelurahan,Jl. Cikoko Barat III No. 45,021-7989753,-6.2461381,106.8529712
2015,Kelurahan Jagakarsa,PROVINSI DKI JAKARTA,JAKARTA SELATAN,JAGAKARSA,Kelurahan,Jl. Jagakarsa II,021-7270954,-6.3288129,106.8220656
2015,Kelurahan Srengseng Sawah,PROVINSI DKI JAKARTA,JAKARTA SELATAN,JAGAKARSA,Kelurahan,Jl. Raya Srengseng Sawah,021-78883584,-6.3462843,106.8246896
2015,Kelurahan Ciganjur,PROVINSI DKI JAKARTA,JAKARTA SELATAN,JAGAKARSA,Kelurahan,Jl. Anda No. 1/B,021-7866054,-6.338131,106.8102417
2015,Kelurahan Lenteng Agung,PROVINSI DKI JAKARTA,JAKARTA SELATAN,JAGAKARSA,Kelurahan,Jl. Agung Raya I, 021-7873637,-6.3269133,106.839818
2015,Kelurahan Tanjung Barat,PROVINSI DKI JAKARTA,JAKARTA SELATAN,JAGAKARSA,Kelurahan,Jl. Rancho Indah,021-7896054,-6.3072849,106.8511017
2015,Kelurahan Cipedak,PROVINSI DKI JAKARTA,JAKARTA SELATAN,JAGAKARSA,Kelurahan,Jl. Pinding, 021-7271110,-6.3449933,106.8019071
2015,Kelurahan Pesanggrahan,PROVINSI DKI JAKARTA,JAKARTA SELATAN,PESANGGRAHAN,Kelurahan,Jl. Pasanggrahan Raya No. 1,021-7363249,-6.237928,106.75659
2015,Kelurahan Bintaro,PROVINSI DKI JAKARTA,JAKARTA SELATAN,PESANGGRAHAN,Kelurahan,Jl. RC Veteran No. 1,021-7365069,-6.269265,106.766689
2015,Kelurahan Petukangan Utara,PROVINSI DKI JAKARTA,JAKARTA SELATAN,PESANGGRAHAN,Kelurahan,Jl. Mesjid Darul Falah No. 1,021-7365348,-6.22628,106.751948
2015,Kelurahan Petukangan Selatan,PROVINSI DKI JAKARTA,JAKARTA SELATAN,PESANGGRAHAN,Kelurahan,Jl. Ciledug Raya No. 1,021-7359777,-6.2500799,106.6974653
2015,Kelurahan Ulujami,PROVINSI DKI JAKARTA,JAKARTA SELATAN,PESANGGRAHAN,Kelurahan,Jl. Ulujami Raya No. 1,021-7370639,-6.238611,106.763205
2015,Kelurahan Pisangan Baru,PROVINSI DKI JAKARTA,JAKARTA TIMUR,MATRAMAN,Kelurahan,Jl. Pisangan Baru Utara,021-8505372,-6.2091329,106.8692899
2015,Kelurahan Utan Kayu Utara,PROVINSI DKI JAKARTA,JAKARTA TIMUR,MATRAMAN,Kelurahan,Jl. Kemuning No. 12,021-8505154,-6.277737,106.84676
2015,Kelurahan Kayu Manis,PROVINSI DKI JAKARTA,JAKARTA TIMUR,MATRAMAN,Kelurahan,Jl. Kayu Manis VIII/32,021-8580562,-6.2064383,106.8634692
2015,Kelurahan Pal Meriam,PROVINSI DKI JAKARTA,JAKARTA TIMUR,MATRAMAN,Kelurahan,Jl. Kayu Mais Lama I,021-8517166,-6.2066411,106.8615533
2015,Kelurahan Kebon Manggis,PROVINSI DKI JAKARTA,JAKARTA TIMUR,MATRAMAN,Kelurahan,Jl. Slamet Riyadi II/1,021-8505567,-6.2112865,106.8584634
2015,Kelurahan Utan Kayu Selatan,PROVINSI DKI JAKARTA,JAKARTA TIMUR,MATRAMAN,Kelurahan,Jl. Galur Sari Timur No. 1,021-8563330,-6.2013703,106.8690787
2015,Kelurahan Pulo Gadung,PROVINSI DKI JAKARTA,JAKARTA TIMUR,PULO GADUNG,Kelurahan,Jl. Kayu Putih Tengah IV,021-4715115,-6.1830789,106.8967756
2015,Kelurahan Pisangan Timur,PROVINSI DKI JAKARTA,JAKARTA TIMUR,PULO GADUNG,Kelurahan,Jl. H. Mugeni II/2,021-4754762,-6.2089501,106.8776297
2015,Kelurahan Cipinang,PROVINSI DKI JAKARTA,JAKARTA TIMUR,PULO GADUNG,Kelurahan,Jl. Cipinang Bapang No. 1,021-4891817,-6.2087634,106.845599
2015,Kelurahan Jatinegara Kaum,PROVINSI DKI JAKARTA,JAKARTA TIMUR,PULO GADUNG,Kelurahan,Jl. TB. Badarudin Tanah Koja,021-4751119,-6.2087634,106.845599
2015,Kelurahan Rawamangun,PROVINSI DKI JAKARTA,JAKARTA TIMUR,PULO GADUNG,Kelurahan,Jl. Rawamangun Muka Raya 3,021-4722029,-6.1962726,106.8753788
2015,Kelurahan Kayu Putih,PROVINSI DKI JAKARTA,JAKARTA TIMUR,PULO GADUNG,Kelurahan,Jl. Genteng 2,021-4894412,-6.1858682,106.8880046
2015,Kelurahan Jati,PROVINSI DKI JAKARTA,JAKARTA TIMUR,PULO GADUNG,Kelurahan,Jl. Perhubungan Raya,021-47859719,-6.2598528,106.7754569
2015,Kelurahan Kampung Melayu,PROVINSI DKI JAKARTA,JAKARTA TIMUR,JATINEGARA,Kelurahan,Jl. Kebon Pala I No. 32,021-8192534,-6.215483,106.859007
2015,Kelurahan Bidara Cina,PROVINSI DKI JAKARTA,JAKARTA TIMUR,JATINEGARA,Kelurahan,Jl. Tanjung Lengkong No. 30,021-8516061,-6.2397596,106.8682191
2015,Kelurahan Bali Mester,PROVINSI DKI JAKARTA,JAKARTA TIMUR,JATINEGARA,Kelurahan,Jl. Jatinegara Barat IV,021-8191162,-6.2200696,106.8648307
2015,Kelurahan Rawa Bunga,PROVINSI DKI JAKARTA,JAKARTA TIMUR,JATINEGARA,Kelurahan,Jl. Bojong Raya,021-6193203,-6.1651248,106.7331245
2015,Kelurahan Cipinang Cempedak,PROVINSI DKI JAKARTA,JAKARTA TIMUR,JATINEGARA,Kelurahan,Jl. Otista III Komplek IV,021-8516059,-6.2340605,106.8754019
2015,Kelurahan Cipinang Muara,PROVINSI DKI JAKARTA,JAKARTA TIMUR,JATINEGARA,Kelurahan,Jl. Cipinang Muara Raya No.1,021-8516058,-6.2283361,106.8909227
2015,Kelurahan Cipinang Besar Selatan,PROVINSI DKI JAKARTA,JAKARTA TIMUR,JATINEGARA,Kelurahan,Jl. Cipinang Jaya Gg. Ujung,021-8191146,-6.2092324,106.7732604
2015,Kelurahan Cipinang Besar Utara,PROVINSI DKI JAKARTA,JAKARTA TIMUR,JATINEGARA,Kelurahan,Jl. Swadaya II No. 2,021-8505212,-6.298171,106.8452813
2015,Kelurahan Kramat Jati,PROVINSI DKI JAKARTA,JAKARTA TIMUR,KRAMAT JATI,Kelurahan,Jl. Kerja Bakti No. 32,021-8007033,-6.275739,106.878471
2015,Kelurahan Kampung Tengah,PROVINSI DKI JAKARTA,JAKARTA TIMUR,KRAMAT JATI,Kelurahan,Jl. Mesjid al Barriyah,021-8400647,-6.2087634,106.845599
2015,Kelurahan Dukuh,PROVINSI DKI JAKARTA,JAKARTA TIMUR,KRAMAT JATI,Kelurahan,Jl. Dukuh V,021-8407689,-6.2935566,106.8781622
2015,Kelurahan Batu Ampar,PROVINSI DKI JAKARTA,JAKARTA TIMUR,KRAMAT JATI,Kelurahan,Jl. Batu Ampar II,021-8098060,-6.2837036,106.858419
2015,Kelurahan Bale Kambang,PROVINSI DKI JAKARTA,JAKARTA TIMUR,KRAMAT JATI,Kelurahan,Jl. Raya Gardu/Kober,021-8096875,-6.2589129,106.8536665
2015,Kelurahan Cililitan,PROVINSI DKI JAKARTA,JAKARTA TIMUR,KRAMAT JATI,Kelurahan,Jl. Mandala V Gg. Ali Sadri,021-8090825,-6.2087634,106.845599
2015,Kelurahan Cawang,PROVINSI DKI JAKARTA,JAKARTA TIMUR,KRAMAT JATI,Kelurahan,Jl. Ja’ani Nasir No. 7,021-8092643,-6.2493674,106.871519
2015,Kelurahan Gedong,PROVINSI DKI JAKARTA,JAKARTA TIMUR,PASAR REBO,Kelurahan,Jl. H. Taiman No. 20,021-8400035,-6.2982865,106.862281
2015,Kelurahan Baru,PROVINSI DKI JAKARTA,JAKARTA TIMUR,PASAR REBO,Kelurahan,Jl. H. Hasan,021-8400336,-6.3015689,106.8801794
2015,Kelurahan Cijantung,PROVINSI DKI JAKARTA,JAKARTA TIMUR,PASAR REBO,Kelurahan,Jl. Pertengahan,021-8400082,-6.3217528,106.8578246
2015,Kelurahan Kalisari,PROVINSI DKI JAKARTA,JAKARTA TIMUR,PASAR REBO,Kelurahan,Jl. Kalisari Raya,021-8710995,-6.3384574,106.8597761
2015,Kelurahan Pekayon,PROVINSI DKI JAKARTA,JAKARTA TIMUR,PASAR REBO,Kelurahan,Jl. Madrasah RT. 003/09,021-8719018,-6.2798114,106.8183685
2015,Kelurahan Jatinegara,PROVINSI DKI JAKARTA,JAKARTA TIMUR,CAKUNG,Kelurahan,Jl. Raya Bekasi Km. 18,021-4606231,-6.1977811,106.905463
2015,Kelurahan Rawa terate,PROVINSI DKI JAKARTA,JAKARTA TIMUR,CAKUNG,Kelurahan,Jl. Raya Pupar,021-4602445,-6.3488511,106.8681966
2015,Kelurahan Penggilingan,PROVINSI DKI JAKARTA,JAKARTA TIMUR,CAKUNG,Kelurahan,Jl. Komp. PIK Penggilingan,021-4600927,-6.2041696,106.9317447
2015,Kelurahan Cakung,PROVINSI DKI JAKARTA,JAKARTA TIMUR,CAKUNG,Kelurahan,Jl. Irigasi Gempol,021-4600915,-6.1906628,106.9728344
2015,Kelurahan Pulo Gebang,PROVINSI DKI JAKARTA,JAKARTA TIMUR,CAKUNG,Kelurahan,Jl. Raya Palad,021-48700917,-6.185164,106.9039271
2015,Kelurahan Ujung Menteng,PROVINSI DKI JAKARTA,JAKARTA TIMUR,CAKUNG,Kelurahan,Jl. Raya Bekasi Km. 2,021-4618710,-6.1973885,106.9053945
2015,Kelurahan Cakung Barat,PROVINSI DKI JAKARTA,JAKARTA TIMUR,CAKUNG,Kelurahan,Jl. Raya Tipar,021-4601748,-6.3488511,106.8681966
2015,Kelurahan Duren Sawit,PROVINSI DKI JAKARTA,JAKARTA TIMUR,DUREN SAWIT,Kelurahan,Jl. Kelurahan  Raya,,-6.2312359,106.9134158
2015,Kelurahan Pondok Bambu,PROVINSI DKI JAKARTA,JAKARTA TIMUR,DUREN SAWIT,Kelurahan,Jl. Pahlawan Revolusi No. 142,021-8601983,-6.2331054,106.8966974
2015,Kelurahan Klender,PROVINSI DKI JAKARTA,JAKARTA TIMUR,DUREN SAWIT,Kelurahan,Jl. Bulak Timur I No. 12,021-8614773,-6.2160967,106.9074995
2015,Kelurahan Pondok Kelapa,PROVINSI DKI JAKARTA,JAKARTA TIMUR,DUREN SAWIT,Kelurahan,"Jl. H, Dogon Timur I No. 32",021-8645513,-6.23964,106.93487
2015,Kelurahan Malaka Sari,PROVINSI DKI JAKARTA,JAKARTA TIMUR,DUREN SAWIT,Kelurahan,Jl. Raya Malaka No. 122,021-8614774,-6.2273915,106.9279784
2015,Kelurahan Malaka Jaya,PROVINSI DKI JAKARTA,JAKARTA TIMUR,DUREN SAWIT,Kelurahan,Jl. Teratai Putih Raya No. 1,021-8631964,-6.2190422,106.9304777
2015,Kelurahan Pondok Kopi,PROVINSI DKI JAKARTA,JAKARTA TIMUR,DUREN SAWIT,Kelurahan,Jl. Arabika III,021-8614772,-6.230189,106.945274
2015,Kelurahan Makasar,PROVINSI DKI JAKARTA,JAKARTA TIMUR,MAKASAR,Kelurahan,Jl. Kerja Bhakti,021-8093440,-6.2759705,106.8756292
2015,Kelurahan Pinang Ranti,PROVINSI DKI JAKARTA,JAKARTA TIMUR,MAKASAR,Kelurahan,Jl. SMAN 48.Jakarta Timur,021-8001403,-6.328649,106.8938019
2015,Kelurahan Kebon Pala,PROVINSI DKI JAKARTA,JAKARTA TIMUR,MAKASAR,Kelurahan,Jl. Cipinang Asem,,-6.2607196,106.8811491
2015,Kelurahan Halim Perdana Kusumah,PROVINSI DKI JAKARTA,JAKARTA TIMUR,MAKASAR,Kelurahan,Jl. Squadron No. 1 A,021-8090185,-6.2678024,106.8776081
2015,Kelurahan Cipinang Melayu,PROVINSI DKI JAKARTA,JAKARTA TIMUR,MAKASAR,Kelurahan,Jl. Inspeksi Tarum Barat 1,021-8631958,-6.2399671,106.8851305
2015,Kelurahan Ciracas,PROVINSI DKI JAKARTA,JAKARTA TIMUR,CIRACAS,Kelurahan,Jl. Raya Ciracas,021-8710996,-6.329018,106.8767964
2015,Kelurahan Cibubur,PROVINSI DKI JAKARTA,JAKARTA TIMUR,CIRACAS,Kelurahan,Jl. Raya lapangan Tembak,021-8710994,-6.3516721,106.8808512
2015,Kelurahan Kelapa Dua Wetan,PROVINSI DKI JAKARTA,JAKARTA TIMUR,CIRACAS,Kelurahan,Jl. Raya PKP,021-8705270,-6.3397307,106.8802218
2015,Kelurahan Susukan,PROVINSI DKI JAKARTA,JAKARTA TIMUR,CIRACAS,Kelurahan,Jl. H. Paping,021-8400134,-6.3158584,106.8734099
2015,Kelurahan Rambutan,PROVINSI DKI JAKARTA,JAKARTA TIMUR,CIRACAS,Kelurahan,Jl. Kampung Jati,021-8400763,-6.304902,106.8767927
2015,Kelurahan Cipayung,PROVINSI DKI JAKARTA,JAKARTA TIMUR,CIPAYUNG,Kelurahan,Jl. Perempatan Kencur,021-8451678,-6.3211924,106.9072856
2015,Kelurahan Cilangkap,PROVINSI DKI JAKARTA,JAKARTA TIMUR,CIPAYUNG,Kelurahan,Jl. Assyafi’iyah, 021-84596168,-6.3341612,106.902287
2015,Kelurahan Pondok Ranggon,PROVINSI DKI JAKARTA,JAKARTA TIMUR,CIPAYUNG,Kelurahan,Jl. Gamceng,021-8444085,-6.3450928,106.9158286
2015,Kelurahan Munjul,PROVINSI DKI JAKARTA,JAKARTA TIMUR,CIPAYUNG,Kelurahan,Jl. Buni No. 1,021-8451676,-6.343256,106.896087
2015,Kelurahan Setu,PROVINSI DKI JAKARTA,JAKARTA TIMUR,CIPAYUNG,Kelurahan,Jl. Raya Setu. Jakarta Timur,021-8465328,-6.3135967,106.912139
2015,Kelurahan Bambu Apus,PROVINSI DKI JAKARTA,JAKARTA TIMUR,CIPAYUNG,Kelurahan,Jl. Taman Mini III,021-8467877,-6.2956008,106.8901622
2015,Kelurahan Lubang Buaya,PROVINSI DKI JAKARTA,JAKARTA TIMUR,CIPAYUNG,Kelurahan,Jl. SPG VII. Jakarta Timur,021-84978679,-6.2894876,106.9031336
2015,Kelurahan Ceger,PROVINSI DKI JAKARTA,JAKARTA TIMUR,CIPAYUNG,Kelurahan,Jl. SLTP 160. Jakarta Timur,021-8444971,-6.3178143,106.8886308
